id,firstname,lastname,email,email2,profession
100,Meghann,Zola,Meghann.Zola@yopmail.com,Meghann.Zola@gmail.com,police officer
101,Queenie,Chinua,Queenie.Chinua@yopmail.com,Queenie.Chinua@gmail.com,police officer
102,Monika,Annice,Monika.Annice@yopmail.com,Monika.Annice@gmail.com,worker
103,Paule,Strephon,Paule.Strephon@yopmail.com,Paule.Strephon@gmail.com,worker
104,Susette,Thema,Susette.Thema@yopmail.com,Susette.Thema@gmail.com,developer
105,Raf,Martguerita,Raf.Martguerita@yopmail.com,Raf.Martguerita@gmail.com,doctor
106,Edith,Cordi,Edith.Cordi@yopmail.com,Edith.Cordi@gmail.com,police officer
107,Donnie,Iaverne,Donnie.Iaverne@yopmail.com,Donnie.Iaverne@gmail.com,police officer
108,Juliane,Chem,Juliane.Chem@yopmail.com,Juliane.Chem@gmail.com,firefighter
109,Gloria,Taima,Gloria.Taima@yopmail.com,Gloria.Taima@gmail.com,police officer
110,Elena,Rudolph,Elena.Rudolph@yopmail.com,Elena.Rudolph@gmail.com,worker
111,Chloris,Montgomery,Chloris.Montgomery@yopmail.com,Chloris.Montgomery@gmail.com,firefighter
112,Gabi,Pattin,Gabi.Pattin@yopmail.com,Gabi.Pattin@gmail.com,doctor
113,Dotty,Trace,Dotty.Trace@yopmail.com,Dotty.Trace@gmail.com,worker
114,Maridel,McLaughlin,Maridel.McLaughlin@yopmail.com,Maridel.McLaughlin@gmail.com,developer
115,Keelia,Morgun,Keelia.Morgun@yopmail.com,Keelia.Morgun@gmail.com,worker
116,Emelina,Destinee,Emelina.Destinee@yopmail.com,Emelina.Destinee@gmail.com,worker
117,Amelia,Greyson,Amelia.Greyson@yopmail.com,Amelia.Greyson@gmail.com,firefighter
118,Ileana,Read,Ileana.Read@yopmail.com,Ileana.Read@gmail.com,doctor
119,Rosabelle,Nedrud,Rosabelle.Nedrud@yopmail.com,Rosabelle.Nedrud@gmail.com,police officer
120,Concettina,Hertzfeld,Concettina.Hertzfeld@yopmail.com,Concettina.Hertzfeld@gmail.com,worker
121,Lesly,Odysseus,Lesly.Odysseus@yopmail.com,Lesly.Odysseus@gmail.com,firefighter
122,Mellicent,Isacco,Mellicent.Isacco@yopmail.com,Mellicent.Isacco@gmail.com,police officer
123,Dotty,Eldrid,Dotty.Eldrid@yopmail.com,Dotty.Eldrid@gmail.com,police officer
124,Gwyneth,Mehalek,Gwyneth.Mehalek@yopmail.com,Gwyneth.Mehalek@gmail.com,firefighter
125,Nickie,Gamaliel,Nickie.Gamaliel@yopmail.com,Nickie.Gamaliel@gmail.com,developer
126,Ivett,Lacombe,Ivett.Lacombe@yopmail.com,Ivett.Lacombe@gmail.com,firefighter
127,Leanna,Gale,Leanna.Gale@yopmail.com,Leanna.Gale@gmail.com,worker
128,Dulce,Leary,Dulce.Leary@yopmail.com,Dulce.Leary@gmail.com,police officer
129,Sandie,Gert,Sandie.Gert@yopmail.com,Sandie.Gert@gmail.com,developer
130,Fred,Raffo,Fred.Raffo@yopmail.com,Fred.Raffo@gmail.com,developer
131,Shauna,Rosemary,Shauna.Rosemary@yopmail.com,Shauna.Rosemary@gmail.com,firefighter
132,Sherrie,Bollay,Sherrie.Bollay@yopmail.com,Sherrie.Bollay@gmail.com,worker
133,Frances,Belanger,Frances.Belanger@yopmail.com,Frances.Belanger@gmail.com,developer
134,Roz,Shelba,Roz.Shelba@yopmail.com,Roz.Shelba@gmail.com,doctor
135,Lory,Alfons,Lory.Alfons@yopmail.com,Lory.Alfons@gmail.com,developer
136,Modestia,Diann,Modestia.Diann@yopmail.com,Modestia.Diann@gmail.com,police officer
137,Carly,Allare,Carly.Allare@yopmail.com,Carly.Allare@gmail.com,firefighter
138,Hayley,Jerald,Hayley.Jerald@yopmail.com,Hayley.Jerald@gmail.com,firefighter
139,Gwenneth,Zina,Gwenneth.Zina@yopmail.com,Gwenneth.Zina@gmail.com,firefighter
140,Coral,Tybald,Coral.Tybald@yopmail.com,Coral.Tybald@gmail.com,firefighter
141,Inga,Joli,Inga.Joli@yopmail.com,Inga.Joli@gmail.com,police officer
142,Kirbee,Ruvolo,Kirbee.Ruvolo@yopmail.com,Kirbee.Ruvolo@gmail.com,developer
143,Janey,Nunci,Janey.Nunci@yopmail.com,Janey.Nunci@gmail.com,doctor
144,Tera,Fitzsimmons,Tera.Fitzsimmons@yopmail.com,Tera.Fitzsimmons@gmail.com,doctor
145,Sindee,Meter,Sindee.Meter@yopmail.com,Sindee.Meter@gmail.com,doctor
146,Marti,Kiyoshi,Marti.Kiyoshi@yopmail.com,Marti.Kiyoshi@gmail.com,worker
147,Janey,Blisse,Janey.Blisse@yopmail.com,Janey.Blisse@gmail.com,worker
148,Yolane,Montgomery,Yolane.Montgomery@yopmail.com,Yolane.Montgomery@gmail.com,firefighter
149,Ernesta,Marlie,Ernesta.Marlie@yopmail.com,Ernesta.Marlie@gmail.com,doctor
150,Isa,Bashemeth,Isa.Bashemeth@yopmail.com,Isa.Bashemeth@gmail.com,developer
151,Jerry,Flita,Jerry.Flita@yopmail.com,Jerry.Flita@gmail.com,developer
152,Hope,Sibyls,Hope.Sibyls@yopmail.com,Hope.Sibyls@gmail.com,developer
153,Sean,Grayce,Sean.Grayce@yopmail.com,Sean.Grayce@gmail.com,developer
154,Deloria,Evvie,Deloria.Evvie@yopmail.com,Deloria.Evvie@gmail.com,firefighter
155,Imojean,Loring,Imojean.Loring@yopmail.com,Imojean.Loring@gmail.com,developer
156,Joeann,Jary,Joeann.Jary@yopmail.com,Joeann.Jary@gmail.com,police officer
157,Xylina,Billye,Xylina.Billye@yopmail.com,Xylina.Billye@gmail.com,worker
158,Annabela,Bates,Annabela.Bates@yopmail.com,Annabela.Bates@gmail.com,police officer
159,Eolanda,Borrell,Eolanda.Borrell@yopmail.com,Eolanda.Borrell@gmail.com,worker
160,Nananne,Fadiman,Nananne.Fadiman@yopmail.com,Nananne.Fadiman@gmail.com,police officer
161,Valli,Goldina,Valli.Goldina@yopmail.com,Valli.Goldina@gmail.com,doctor
162,Emilia,Rocray,Emilia.Rocray@yopmail.com,Emilia.Rocray@gmail.com,police officer
163,Marcelline,Malanie,Marcelline.Malanie@yopmail.com,Marcelline.Malanie@gmail.com,firefighter
164,Dari,Rosalba,Dari.Rosalba@yopmail.com,Dari.Rosalba@gmail.com,police officer
165,Emylee,Maryanne,Emylee.Maryanne@yopmail.com,Emylee.Maryanne@gmail.com,doctor
166,Kylynn,Jarib,Kylynn.Jarib@yopmail.com,Kylynn.Jarib@gmail.com,police officer
167,Keelia,Rustice,Keelia.Rustice@yopmail.com,Keelia.Rustice@gmail.com,worker
168,Chickie,Janene,Chickie.Janene@yopmail.com,Chickie.Janene@gmail.com,firefighter
169,Marinna,Nea,Marinna.Nea@yopmail.com,Marinna.Nea@gmail.com,firefighter
170,Melisent,Horan,Melisent.Horan@yopmail.com,Melisent.Horan@gmail.com,doctor
171,Allyce,Herrera,Allyce.Herrera@yopmail.com,Allyce.Herrera@gmail.com,doctor
172,Heddie,Dash,Heddie.Dash@yopmail.com,Heddie.Dash@gmail.com,police officer
173,Benita,Charity,Benita.Charity@yopmail.com,Benita.Charity@gmail.com,firefighter
174,Joane,Cyrie,Joane.Cyrie@yopmail.com,Joane.Cyrie@gmail.com,worker
175,Maud,Astra,Maud.Astra@yopmail.com,Maud.Astra@gmail.com,firefighter
176,Florie,Voletta,Florie.Voletta@yopmail.com,Florie.Voletta@gmail.com,worker
177,Fanchon,Christal,Fanchon.Christal@yopmail.com,Fanchon.Christal@gmail.com,developer
178,Shannah,Cloris,Shannah.Cloris@yopmail.com,Shannah.Cloris@gmail.com,developer
179,Sissy,McGrody,Sissy.McGrody@yopmail.com,Sissy.McGrody@gmail.com,developer
180,Paule,Hertzfeld,Paule.Hertzfeld@yopmail.com,Paule.Hertzfeld@gmail.com,police officer
181,Ericka,Lattie,Ericka.Lattie@yopmail.com,Ericka.Lattie@gmail.com,worker
182,Karena,Jethro,Karena.Jethro@yopmail.com,Karena.Jethro@gmail.com,worker
183,Lanna,Ammann,Lanna.Ammann@yopmail.com,Lanna.Ammann@gmail.com,police officer
184,Krystle,Aida,Krystle.Aida@yopmail.com,Krystle.Aida@gmail.com,doctor
185,Gwenneth,Ariella,Gwenneth.Ariella@yopmail.com,Gwenneth.Ariella@gmail.com,police officer
186,Desirae,Land,Desirae.Land@yopmail.com,Desirae.Land@gmail.com,firefighter
187,Selma,Ahab,Selma.Ahab@yopmail.com,Selma.Ahab@gmail.com,worker
188,Moyna,Rosalba,Moyna.Rosalba@yopmail.com,Moyna.Rosalba@gmail.com,firefighter
189,Imojean,Aaberg,Imojean.Aaberg@yopmail.com,Imojean.Aaberg@gmail.com,police officer
190,Madelle,Henrie,Madelle.Henrie@yopmail.com,Madelle.Henrie@gmail.com,developer
191,Corene,Kannry,Corene.Kannry@yopmail.com,Corene.Kannry@gmail.com,developer
192,Therine,Pearse,Therine.Pearse@yopmail.com,Therine.Pearse@gmail.com,worker
193,Bibby,Hartnett,Bibby.Hartnett@yopmail.com,Bibby.Hartnett@gmail.com,developer
194,Minne,Velick,Minne.Velick@yopmail.com,Minne.Velick@gmail.com,police officer
195,Ardenia,Rogerio,Ardenia.Rogerio@yopmail.com,Ardenia.Rogerio@gmail.com,firefighter
196,Lorenza,Rolf,Lorenza.Rolf@yopmail.com,Lorenza.Rolf@gmail.com,police officer
197,Viviene,Naashom,Viviene.Naashom@yopmail.com,Viviene.Naashom@gmail.com,worker
198,Marguerite,Ralfston,Marguerite.Ralfston@yopmail.com,Marguerite.Ralfston@gmail.com,developer
199,Ardys,Winnick,Ardys.Winnick@yopmail.com,Ardys.Winnick@gmail.com,doctor
200,Albertina,Turne,Albertina.Turne@yopmail.com,Albertina.Turne@gmail.com,worker
201,Emma,Ardeha,Emma.Ardeha@yopmail.com,Emma.Ardeha@gmail.com,worker
202,Justinn,Fulmer,Justinn.Fulmer@yopmail.com,Justinn.Fulmer@gmail.com,developer
203,Lita,Tillford,Lita.Tillford@yopmail.com,Lita.Tillford@gmail.com,worker
204,Kary,Sperling,Kary.Sperling@yopmail.com,Kary.Sperling@gmail.com,worker
205,Rori,Pandolfi,Rori.Pandolfi@yopmail.com,Rori.Pandolfi@gmail.com,firefighter
206,Janis,Ortrude,Janis.Ortrude@yopmail.com,Janis.Ortrude@gmail.com,police officer
207,Dode,Eliathas,Dode.Eliathas@yopmail.com,Dode.Eliathas@gmail.com,developer
208,Lindie,Hashim,Lindie.Hashim@yopmail.com,Lindie.Hashim@gmail.com,police officer
209,Devina,Dorcy,Devina.Dorcy@yopmail.com,Devina.Dorcy@gmail.com,developer
210,Carree,Luhe,Carree.Luhe@yopmail.com,Carree.Luhe@gmail.com,firefighter
211,Averyl,Azeria,Averyl.Azeria@yopmail.com,Averyl.Azeria@gmail.com,firefighter
212,Konstance,Hilbert,Konstance.Hilbert@yopmail.com,Konstance.Hilbert@gmail.com,worker
213,Pearline,LaRue,Pearline.LaRue@yopmail.com,Pearline.LaRue@gmail.com,worker
214,Betta,Fry,Betta.Fry@yopmail.com,Betta.Fry@gmail.com,developer
215,Celestyna,Jerald,Celestyna.Jerald@yopmail.com,Celestyna.Jerald@gmail.com,firefighter
216,Rani,Papageno,Rani.Papageno@yopmail.com,Rani.Papageno@gmail.com,firefighter
217,Jacenta,Durware,Jacenta.Durware@yopmail.com,Jacenta.Durware@gmail.com,worker
218,Tina,Narton,Tina.Narton@yopmail.com,Tina.Narton@gmail.com,police officer
219,Fanny,Tippets,Fanny.Tippets@yopmail.com,Fanny.Tippets@gmail.com,police officer
220,Berta,Ramona,Berta.Ramona@yopmail.com,Berta.Ramona@gmail.com,developer
221,Kore,Berl,Kore.Berl@yopmail.com,Kore.Berl@gmail.com,doctor
222,Georgetta,Valerio,Georgetta.Valerio@yopmail.com,Georgetta.Valerio@gmail.com,firefighter
223,Mary,Hanleigh,Mary.Hanleigh@yopmail.com,Mary.Hanleigh@gmail.com,firefighter
224,Katuscha,Han,Katuscha.Han@yopmail.com,Katuscha.Han@gmail.com,doctor
225,Etta,Deny,Etta.Deny@yopmail.com,Etta.Deny@gmail.com,doctor
226,Clo,Georgy,Clo.Georgy@yopmail.com,Clo.Georgy@gmail.com,doctor
227,Arabel,Zeeba,Arabel.Zeeba@yopmail.com,Arabel.Zeeba@gmail.com,police officer
228,Rosabelle,Trinetta,Rosabelle.Trinetta@yopmail.com,Rosabelle.Trinetta@gmail.com,firefighter
229,Hayley,Center,Hayley.Center@yopmail.com,Hayley.Center@gmail.com,developer
230,Chastity,Pyle,Chastity.Pyle@yopmail.com,Chastity.Pyle@gmail.com,doctor
231,Valeda,Tarrant,Valeda.Tarrant@yopmail.com,Valeda.Tarrant@gmail.com,firefighter
232,Caryl,Helve,Caryl.Helve@yopmail.com,Caryl.Helve@gmail.com,doctor
233,Cam,Whittaker,Cam.Whittaker@yopmail.com,Cam.Whittaker@gmail.com,doctor
234,Rozele,Adamsen,Rozele.Adamsen@yopmail.com,Rozele.Adamsen@gmail.com,police officer
235,Corry,Nicoline,Corry.Nicoline@yopmail.com,Corry.Nicoline@gmail.com,developer
236,Elsie,Daniele,Elsie.Daniele@yopmail.com,Elsie.Daniele@gmail.com,firefighter
237,Renie,Tiffa,Renie.Tiffa@yopmail.com,Renie.Tiffa@gmail.com,police officer
238,Jessy,Girardo,Jessy.Girardo@yopmail.com,Jessy.Girardo@gmail.com,worker
239,Sybille,Seligman,Sybille.Seligman@yopmail.com,Sybille.Seligman@gmail.com,police officer
240,Carol-Jean,Karylin,Carol-Jean.Karylin@yopmail.com,Carol-Jean.Karylin@gmail.com,police officer
241,Barbara,Palocz,Barbara.Palocz@yopmail.com,Barbara.Palocz@gmail.com,developer
242,Merrie,Nahum,Merrie.Nahum@yopmail.com,Merrie.Nahum@gmail.com,worker
243,Ida,Silvan,Ida.Silvan@yopmail.com,Ida.Silvan@gmail.com,developer
244,Belva,Koehler,Belva.Koehler@yopmail.com,Belva.Koehler@gmail.com,police officer
245,Jacenta,Ioab,Jacenta.Ioab@yopmail.com,Jacenta.Ioab@gmail.com,doctor
246,Nonnah,Noman,Nonnah.Noman@yopmail.com,Nonnah.Noman@gmail.com,developer
247,Roseline,Zachary,Roseline.Zachary@yopmail.com,Roseline.Zachary@gmail.com,police officer
248,Kristan,Buffum,Kristan.Buffum@yopmail.com,Kristan.Buffum@gmail.com,worker
249,Annice,Thunell,Annice.Thunell@yopmail.com,Annice.Thunell@gmail.com,doctor
250,Ottilie,Hanleigh,Ottilie.Hanleigh@yopmail.com,Ottilie.Hanleigh@gmail.com,doctor
251,Rori,Sinegold,Rori.Sinegold@yopmail.com,Rori.Sinegold@gmail.com,developer
252,Adore,Pernick,Adore.Pernick@yopmail.com,Adore.Pernick@gmail.com,doctor
253,Stevana,Ferino,Stevana.Ferino@yopmail.com,Stevana.Ferino@gmail.com,police officer
254,Odessa,Thema,Odessa.Thema@yopmail.com,Odessa.Thema@gmail.com,firefighter
255,Celisse,Tybald,Celisse.Tybald@yopmail.com,Celisse.Tybald@gmail.com,worker
256,Willetta,Pandolfi,Willetta.Pandolfi@yopmail.com,Willetta.Pandolfi@gmail.com,worker
257,Annice,Turne,Annice.Turne@yopmail.com,Annice.Turne@gmail.com,doctor
258,Tarra,Wandie,Tarra.Wandie@yopmail.com,Tarra.Wandie@gmail.com,firefighter
259,Bettine,Trace,Bettine.Trace@yopmail.com,Bettine.Trace@gmail.com,firefighter
260,Marsiella,Lalitta,Marsiella.Lalitta@yopmail.com,Marsiella.Lalitta@gmail.com,doctor
261,Celisse,Sallyann,Celisse.Sallyann@yopmail.com,Celisse.Sallyann@gmail.com,doctor
262,Ira,Cordi,Ira.Cordi@yopmail.com,Ira.Cordi@gmail.com,doctor
263,Brana,Ilka,Brana.Ilka@yopmail.com,Brana.Ilka@gmail.com,doctor
264,Corly,Macey,Corly.Macey@yopmail.com,Corly.Macey@gmail.com,worker
265,Maurene,Bendick,Maurene.Bendick@yopmail.com,Maurene.Bendick@gmail.com,developer
266,Jillayne,Jillane,Jillayne.Jillane@yopmail.com,Jillayne.Jillane@gmail.com,developer
267,Codie,Frodi,Codie.Frodi@yopmail.com,Codie.Frodi@gmail.com,developer
268,Henriette,Vernier,Henriette.Vernier@yopmail.com,Henriette.Vernier@gmail.com,firefighter
269,Hannis,Tengdin,Hannis.Tengdin@yopmail.com,Hannis.Tengdin@gmail.com,police officer
270,Grier,Lunsford,Grier.Lunsford@yopmail.com,Grier.Lunsford@gmail.com,developer
271,Jerry,Fiann,Jerry.Fiann@yopmail.com,Jerry.Fiann@gmail.com,firefighter
272,Lenna,Aaberg,Lenna.Aaberg@yopmail.com,Lenna.Aaberg@gmail.com,doctor
273,Arabel,Urias,Arabel.Urias@yopmail.com,Arabel.Urias@gmail.com,doctor
274,Cathie,Lay,Cathie.Lay@yopmail.com,Cathie.Lay@gmail.com,worker
275,Flory,Chrystel,Flory.Chrystel@yopmail.com,Flory.Chrystel@gmail.com,firefighter
276,Roxane,Celestine,Roxane.Celestine@yopmail.com,Roxane.Celestine@gmail.com,worker
277,Brana,Gamaliel,Brana.Gamaliel@yopmail.com,Brana.Gamaliel@gmail.com,doctor
278,Rebeca,Elvyn,Rebeca.Elvyn@yopmail.com,Rebeca.Elvyn@gmail.com,doctor
279,Kittie,Marcellus,Kittie.Marcellus@yopmail.com,Kittie.Marcellus@gmail.com,firefighter
280,Valeda,Evangelia,Valeda.Evangelia@yopmail.com,Valeda.Evangelia@gmail.com,police officer
281,Robbi,Thornburg,Robbi.Thornburg@yopmail.com,Robbi.Thornburg@gmail.com,worker
282,Selma,Jillane,Selma.Jillane@yopmail.com,Selma.Jillane@gmail.com,developer
283,Beatriz,Vins,Beatriz.Vins@yopmail.com,Beatriz.Vins@gmail.com,firefighter
284,Bill,Helfand,Bill.Helfand@yopmail.com,Bill.Helfand@gmail.com,doctor
285,Clementine,An,Clementine.An@yopmail.com,Clementine.An@gmail.com,worker
286,Annaliese,Helfand,Annaliese.Helfand@yopmail.com,Annaliese.Helfand@gmail.com,police officer
287,Betta,Capello,Betta.Capello@yopmail.com,Betta.Capello@gmail.com,firefighter
288,Charlena,Crudden,Charlena.Crudden@yopmail.com,Charlena.Crudden@gmail.com,firefighter
289,Collen,Berl,Collen.Berl@yopmail.com,Collen.Berl@gmail.com,police officer
290,Dolli,Bertold,Dolli.Bertold@yopmail.com,Dolli.Bertold@gmail.com,developer
291,Sandie,Leonard,Sandie.Leonard@yopmail.com,Sandie.Leonard@gmail.com,police officer
292,Mady,Cressida,Mady.Cressida@yopmail.com,Mady.Cressida@gmail.com,police officer
293,Olwen,Luhe,Olwen.Luhe@yopmail.com,Olwen.Luhe@gmail.com,doctor
294,Eadie,Susannah,Eadie.Susannah@yopmail.com,Eadie.Susannah@gmail.com,worker
295,Jaime,Plato,Jaime.Plato@yopmail.com,Jaime.Plato@gmail.com,firefighter
296,Bill,Yoko,Bill.Yoko@yopmail.com,Bill.Yoko@gmail.com,doctor
297,Petronia,Junie,Petronia.Junie@yopmail.com,Petronia.Junie@gmail.com,developer
298,Nananne,Holtz,Nananne.Holtz@yopmail.com,Nananne.Holtz@gmail.com,firefighter
299,Monika,Letsou,Monika.Letsou@yopmail.com,Monika.Letsou@gmail.com,worker
300,Elvira,Boehike,Elvira.Boehike@yopmail.com,Elvira.Boehike@gmail.com,doctor
301,Mathilda,Bouchard,Mathilda.Bouchard@yopmail.com,Mathilda.Bouchard@gmail.com,worker
302,Ursulina,Lissi,Ursulina.Lissi@yopmail.com,Ursulina.Lissi@gmail.com,doctor
303,Maud,Havens,Maud.Havens@yopmail.com,Maud.Havens@gmail.com,police officer
304,Nataline,Jerold,Nataline.Jerold@yopmail.com,Nataline.Jerold@gmail.com,worker
305,Juliane,Klotz,Juliane.Klotz@yopmail.com,Juliane.Klotz@gmail.com,firefighter
306,Tatiania,Haerr,Tatiania.Haerr@yopmail.com,Tatiania.Haerr@gmail.com,developer
307,Brana,Loleta,Brana.Loleta@yopmail.com,Brana.Loleta@gmail.com,developer
308,Blinni,Toni,Blinni.Toni@yopmail.com,Blinni.Toni@gmail.com,doctor
309,Starla,Carleen,Starla.Carleen@yopmail.com,Starla.Carleen@gmail.com,doctor
310,Nicoli,Linskey,Nicoli.Linskey@yopmail.com,Nicoli.Linskey@gmail.com,firefighter
311,Jordan,Maiah,Jordan.Maiah@yopmail.com,Jordan.Maiah@gmail.com,police officer
312,Jaime,Center,Jaime.Center@yopmail.com,Jaime.Center@gmail.com,doctor
313,Harmonia,Gilmour,Harmonia.Gilmour@yopmail.com,Harmonia.Gilmour@gmail.com,police officer
314,Starla,Parsaye,Starla.Parsaye@yopmail.com,Starla.Parsaye@gmail.com,doctor
315,Ulrike,Pierette,Ulrike.Pierette@yopmail.com,Ulrike.Pierette@gmail.com,developer
316,Daune,Brunell,Daune.Brunell@yopmail.com,Daune.Brunell@gmail.com,doctor
317,Ivett,Warthman,Ivett.Warthman@yopmail.com,Ivett.Warthman@gmail.com,developer
318,Helsa,Bryna,Helsa.Bryna@yopmail.com,Helsa.Bryna@gmail.com,developer
319,Joeann,Suanne,Joeann.Suanne@yopmail.com,Joeann.Suanne@gmail.com,doctor
320,Odessa,Brodench,Odessa.Brodench@yopmail.com,Odessa.Brodench@gmail.com,worker
321,Andree,Mehalek,Andree.Mehalek@yopmail.com,Andree.Mehalek@gmail.com,developer
322,Jessamyn,Lea,Jessamyn.Lea@yopmail.com,Jessamyn.Lea@gmail.com,firefighter
323,Cristine,Gordon,Cristine.Gordon@yopmail.com,Cristine.Gordon@gmail.com,developer
324,Edee,Manolo,Edee.Manolo@yopmail.com,Edee.Manolo@gmail.com,police officer
325,Lucy,Viddah,Lucy.Viddah@yopmail.com,Lucy.Viddah@gmail.com,worker
326,Shandie,Pyle,Shandie.Pyle@yopmail.com,Shandie.Pyle@gmail.com,firefighter
327,Nollie,Sundin,Nollie.Sundin@yopmail.com,Nollie.Sundin@gmail.com,police officer
328,Juliane,Peg,Juliane.Peg@yopmail.com,Juliane.Peg@gmail.com,worker
329,Kary,Oscar,Kary.Oscar@yopmail.com,Kary.Oscar@gmail.com,developer
330,Gerianna,Himelman,Gerianna.Himelman@yopmail.com,Gerianna.Himelman@gmail.com,doctor
331,Kristina,Colleen,Kristina.Colleen@yopmail.com,Kristina.Colleen@gmail.com,worker
332,Beverley,Pernick,Beverley.Pernick@yopmail.com,Beverley.Pernick@gmail.com,doctor
333,Tersina,Oriana,Tersina.Oriana@yopmail.com,Tersina.Oriana@gmail.com,worker
334,Valeda,Cloris,Valeda.Cloris@yopmail.com,Valeda.Cloris@gmail.com,developer
335,Paule,Rosemary,Paule.Rosemary@yopmail.com,Paule.Rosemary@gmail.com,developer
336,Millie,Baudin,Millie.Baudin@yopmail.com,Millie.Baudin@gmail.com,doctor
337,Heddie,An,Heddie.An@yopmail.com,Heddie.An@gmail.com,doctor
338,Ira,Dorine,Ira.Dorine@yopmail.com,Ira.Dorine@gmail.com,doctor
339,Mariele,Jorgan,Mariele.Jorgan@yopmail.com,Mariele.Jorgan@gmail.com,doctor
340,Oona,Jacqui,Oona.Jacqui@yopmail.com,Oona.Jacqui@gmail.com,developer
341,Vivia,Jess,Vivia.Jess@yopmail.com,Vivia.Jess@gmail.com,firefighter
342,Darlleen,Dowski,Darlleen.Dowski@yopmail.com,Darlleen.Dowski@gmail.com,developer
343,Dania,Zola,Dania.Zola@yopmail.com,Dania.Zola@gmail.com,doctor
344,Sabina,Ezar,Sabina.Ezar@yopmail.com,Sabina.Ezar@gmail.com,police officer
345,Philis,Carolin,Philis.Carolin@yopmail.com,Philis.Carolin@gmail.com,developer
346,Chloris,Frodi,Chloris.Frodi@yopmail.com,Chloris.Frodi@gmail.com,doctor
347,Ricky,Sallyann,Ricky.Sallyann@yopmail.com,Ricky.Sallyann@gmail.com,police officer
348,Ronna,Toffic,Ronna.Toffic@yopmail.com,Ronna.Toffic@gmail.com,worker
349,Brynna,Graig,Brynna.Graig@yopmail.com,Brynna.Graig@gmail.com,firefighter
350,Marcy,Havens,Marcy.Havens@yopmail.com,Marcy.Havens@gmail.com,worker
351,Sean,Gregrory,Sean.Gregrory@yopmail.com,Sean.Gregrory@gmail.com,firefighter
352,Bee,Roscoe,Bee.Roscoe@yopmail.com,Bee.Roscoe@gmail.com,developer
353,Kamilah,Fontana,Kamilah.Fontana@yopmail.com,Kamilah.Fontana@gmail.com,police officer
354,Nataline,Eugenia,Nataline.Eugenia@yopmail.com,Nataline.Eugenia@gmail.com,developer
355,Orsola,Seumas,Orsola.Seumas@yopmail.com,Orsola.Seumas@gmail.com,firefighter
356,Alisha,Swigart,Alisha.Swigart@yopmail.com,Alisha.Swigart@gmail.com,firefighter
357,Raquela,Bertold,Raquela.Bertold@yopmail.com,Raquela.Bertold@gmail.com,developer
358,Flo,Chandler,Flo.Chandler@yopmail.com,Flo.Chandler@gmail.com,firefighter
359,Stevana,Pacorro,Stevana.Pacorro@yopmail.com,Stevana.Pacorro@gmail.com,doctor
360,Frank,Love,Frank.Love@yopmail.com,Frank.Love@gmail.com,firefighter
361,Leia,Bibi,Leia.Bibi@yopmail.com,Leia.Bibi@gmail.com,police officer
362,Candi,Heisel,Candi.Heisel@yopmail.com,Candi.Heisel@gmail.com,firefighter
363,Leia,Shirberg,Leia.Shirberg@yopmail.com,Leia.Shirberg@gmail.com,doctor
364,Brynna,Oscar,Brynna.Oscar@yopmail.com,Brynna.Oscar@gmail.com,developer
365,Brana,August,Brana.August@yopmail.com,Brana.August@gmail.com,developer
366,Tatiania,Sinegold,Tatiania.Sinegold@yopmail.com,Tatiania.Sinegold@gmail.com,firefighter
367,Barbara,Holbrook,Barbara.Holbrook@yopmail.com,Barbara.Holbrook@gmail.com,worker
368,Suzette,Haymes,Suzette.Haymes@yopmail.com,Suzette.Haymes@gmail.com,police officer
369,Fred,Henebry,Fred.Henebry@yopmail.com,Fred.Henebry@gmail.com,doctor
370,Ekaterina,Caitlin,Ekaterina.Caitlin@yopmail.com,Ekaterina.Caitlin@gmail.com,firefighter
371,Marita,Mich,Marita.Mich@yopmail.com,Marita.Mich@gmail.com,worker
372,Libbie,Durware,Libbie.Durware@yopmail.com,Libbie.Durware@gmail.com,doctor
373,Eolanda,Edmund,Eolanda.Edmund@yopmail.com,Eolanda.Edmund@gmail.com,worker
374,Blondelle,Aprile,Blondelle.Aprile@yopmail.com,Blondelle.Aprile@gmail.com,firefighter
375,Yvonne,Fulmer,Yvonne.Fulmer@yopmail.com,Yvonne.Fulmer@gmail.com,worker
376,Brooks,Sacken,Brooks.Sacken@yopmail.com,Brooks.Sacken@gmail.com,police officer
377,Renae,Goddard,Renae.Goddard@yopmail.com,Renae.Goddard@gmail.com,worker
378,Margarette,McGrody,Margarette.McGrody@yopmail.com,Margarette.McGrody@gmail.com,police officer
379,Addia,Kirstin,Addia.Kirstin@yopmail.com,Addia.Kirstin@gmail.com,developer
380,Netty,Sadowski,Netty.Sadowski@yopmail.com,Netty.Sadowski@gmail.com,doctor
381,Dawn,Janene,Dawn.Janene@yopmail.com,Dawn.Janene@gmail.com,doctor
382,Gerrie,Barney,Gerrie.Barney@yopmail.com,Gerrie.Barney@gmail.com,firefighter
383,Hope,Chrystel,Hope.Chrystel@yopmail.com,Hope.Chrystel@gmail.com,developer
384,Lesly,Dorine,Lesly.Dorine@yopmail.com,Lesly.Dorine@gmail.com,worker
385,Dacia,Guildroy,Dacia.Guildroy@yopmail.com,Dacia.Guildroy@gmail.com,police officer
386,Charmaine,Levey,Charmaine.Levey@yopmail.com,Charmaine.Levey@gmail.com,worker
387,Rivalee,Hieronymus,Rivalee.Hieronymus@yopmail.com,Rivalee.Hieronymus@gmail.com,worker
388,Corina,Klotz,Corina.Klotz@yopmail.com,Corina.Klotz@gmail.com,worker
389,Michaelina,Dosia,Michaelina.Dosia@yopmail.com,Michaelina.Dosia@gmail.com,police officer
390,Bill,Elephus,Bill.Elephus@yopmail.com,Bill.Elephus@gmail.com,firefighter
391,Aili,Gombach,Aili.Gombach@yopmail.com,Aili.Gombach@gmail.com,doctor
392,Kate,Brittani,Kate.Brittani@yopmail.com,Kate.Brittani@gmail.com,doctor
393,Dorthy,Bord,Dorthy.Bord@yopmail.com,Dorthy.Bord@gmail.com,police officer
394,Adore,Wenoa,Adore.Wenoa@yopmail.com,Adore.Wenoa@gmail.com,doctor
395,Sara-Ann,Lewes,Sara-Ann.Lewes@yopmail.com,Sara-Ann.Lewes@gmail.com,doctor
396,Audrie,Gamaliel,Audrie.Gamaliel@yopmail.com,Audrie.Gamaliel@gmail.com,worker
397,Fred,Carbo,Fred.Carbo@yopmail.com,Fred.Carbo@gmail.com,police officer
398,Janey,Tarrant,Janey.Tarrant@yopmail.com,Janey.Tarrant@gmail.com,worker
399,Celestyna,Dearborn,Celestyna.Dearborn@yopmail.com,Celestyna.Dearborn@gmail.com,police officer
400,Hermione,Faso,Hermione.Faso@yopmail.com,Hermione.Faso@gmail.com,developer
401,Genevra,Libna,Genevra.Libna@yopmail.com,Genevra.Libna@gmail.com,developer
402,Nessie,Erich,Nessie.Erich@yopmail.com,Nessie.Erich@gmail.com,doctor
403,Margette,Tremayne,Margette.Tremayne@yopmail.com,Margette.Tremayne@gmail.com,police officer
404,Johna,Rugen,Johna.Rugen@yopmail.com,Johna.Rugen@gmail.com,developer
405,Hermione,Faria,Hermione.Faria@yopmail.com,Hermione.Faria@gmail.com,developer
406,Janenna,Chick,Janenna.Chick@yopmail.com,Janenna.Chick@gmail.com,worker
407,Camile,Markman,Camile.Markman@yopmail.com,Camile.Markman@gmail.com,police officer
408,Nananne,Voletta,Nananne.Voletta@yopmail.com,Nananne.Voletta@gmail.com,firefighter
409,Tami,Abernon,Tami.Abernon@yopmail.com,Tami.Abernon@gmail.com,doctor
410,Jasmina,Adrienne,Jasmina.Adrienne@yopmail.com,Jasmina.Adrienne@gmail.com,police officer
411,Mireielle,Kelula,Mireielle.Kelula@yopmail.com,Mireielle.Kelula@gmail.com,police officer
412,Carilyn,Adalbert,Carilyn.Adalbert@yopmail.com,Carilyn.Adalbert@gmail.com,doctor
413,Hettie,Grobe,Hettie.Grobe@yopmail.com,Hettie.Grobe@gmail.com,worker
414,Angela,Dash,Angela.Dash@yopmail.com,Angela.Dash@gmail.com,doctor
415,Coral,Tufts,Coral.Tufts@yopmail.com,Coral.Tufts@gmail.com,doctor
416,Malina,Abram,Malina.Abram@yopmail.com,Malina.Abram@gmail.com,worker
417,Karolina,Norrie,Karolina.Norrie@yopmail.com,Karolina.Norrie@gmail.com,developer
418,Susette,Orelee,Susette.Orelee@yopmail.com,Susette.Orelee@gmail.com,doctor
419,Sean,Koehler,Sean.Koehler@yopmail.com,Sean.Koehler@gmail.com,doctor
420,Sheree,Nicoline,Sheree.Nicoline@yopmail.com,Sheree.Nicoline@gmail.com,developer
421,Barbi,Germann,Barbi.Germann@yopmail.com,Barbi.Germann@gmail.com,firefighter
422,Lynea,Pond,Lynea.Pond@yopmail.com,Lynea.Pond@gmail.com,firefighter
423,Kaja,Adalbert,Kaja.Adalbert@yopmail.com,Kaja.Adalbert@gmail.com,doctor
424,Wanda,Eckblad,Wanda.Eckblad@yopmail.com,Wanda.Eckblad@gmail.com,worker
425,Gilda,Roscoe,Gilda.Roscoe@yopmail.com,Gilda.Roscoe@gmail.com,doctor
426,Dania,Wattenberg,Dania.Wattenberg@yopmail.com,Dania.Wattenberg@gmail.com,developer
427,Alyssa,Anton,Alyssa.Anton@yopmail.com,Alyssa.Anton@gmail.com,firefighter
428,Vinita,Gavrila,Vinita.Gavrila@yopmail.com,Vinita.Gavrila@gmail.com,worker
429,Loree,Hewitt,Loree.Hewitt@yopmail.com,Loree.Hewitt@gmail.com,developer
430,Brynna,Cimbura,Brynna.Cimbura@yopmail.com,Brynna.Cimbura@gmail.com,developer
431,Benita,Papageno,Benita.Papageno@yopmail.com,Benita.Papageno@gmail.com,worker
432,Luci,Westphal,Luci.Westphal@yopmail.com,Luci.Westphal@gmail.com,firefighter
433,Rayna,Dyche,Rayna.Dyche@yopmail.com,Rayna.Dyche@gmail.com,worker
434,Vanessa,Bennie,Vanessa.Bennie@yopmail.com,Vanessa.Bennie@gmail.com,firefighter
435,Celene,Aloise,Celene.Aloise@yopmail.com,Celene.Aloise@gmail.com,doctor
436,Tomasina,Chandler,Tomasina.Chandler@yopmail.com,Tomasina.Chandler@gmail.com,developer
437,Aubrie,Margarete,Aubrie.Margarete@yopmail.com,Aubrie.Margarete@gmail.com,worker
438,Lenna,Mathilde,Lenna.Mathilde@yopmail.com,Lenna.Mathilde@gmail.com,doctor
439,Fidelia,My,Fidelia.My@yopmail.com,Fidelia.My@gmail.com,police officer
440,Penelopa,Lissi,Penelopa.Lissi@yopmail.com,Penelopa.Lissi@gmail.com,police officer
441,Fredericka,Tomasina,Fredericka.Tomasina@yopmail.com,Fredericka.Tomasina@gmail.com,police officer
442,Althea,Hutchison,Althea.Hutchison@yopmail.com,Althea.Hutchison@gmail.com,firefighter
443,Berta,Fink,Berta.Fink@yopmail.com,Berta.Fink@gmail.com,police officer
444,Consuela,Naashom,Consuela.Naashom@yopmail.com,Consuela.Naashom@gmail.com,firefighter
445,Ingrid,Bouchard,Ingrid.Bouchard@yopmail.com,Ingrid.Bouchard@gmail.com,developer
446,Merle,Parette,Merle.Parette@yopmail.com,Merle.Parette@gmail.com,worker
447,Bobinette,Forrer,Bobinette.Forrer@yopmail.com,Bobinette.Forrer@gmail.com,doctor
448,Bernie,Jehu,Bernie.Jehu@yopmail.com,Bernie.Jehu@gmail.com,worker
449,Leia,Elbertina,Leia.Elbertina@yopmail.com,Leia.Elbertina@gmail.com,worker
450,Ileana,Cavan,Ileana.Cavan@yopmail.com,Ileana.Cavan@gmail.com,police officer
451,Trixi,Bigner,Trixi.Bigner@yopmail.com,Trixi.Bigner@gmail.com,worker
452,Vanessa,Flita,Vanessa.Flita@yopmail.com,Vanessa.Flita@gmail.com,worker
453,Mallory,Ivens,Mallory.Ivens@yopmail.com,Mallory.Ivens@gmail.com,developer
454,Carmencita,Ball,Carmencita.Ball@yopmail.com,Carmencita.Ball@gmail.com,police officer
455,Vanessa,Lunsford,Vanessa.Lunsford@yopmail.com,Vanessa.Lunsford@gmail.com,developer
456,Iseabal,Donell,Iseabal.Donell@yopmail.com,Iseabal.Donell@gmail.com,firefighter
457,Lelah,Chapland,Lelah.Chapland@yopmail.com,Lelah.Chapland@gmail.com,doctor
458,Esmeralda,Payson,Esmeralda.Payson@yopmail.com,Esmeralda.Payson@gmail.com,firefighter
459,Roberta,Amasa,Roberta.Amasa@yopmail.com,Roberta.Amasa@gmail.com,developer
460,Kristina,Whittaker,Kristina.Whittaker@yopmail.com,Kristina.Whittaker@gmail.com,doctor
461,Dacia,Dorcy,Dacia.Dorcy@yopmail.com,Dacia.Dorcy@gmail.com,police officer
462,Celisse,Buttaro,Celisse.Buttaro@yopmail.com,Celisse.Buttaro@gmail.com,doctor
463,Lonnie,Artie,Lonnie.Artie@yopmail.com,Lonnie.Artie@gmail.com,doctor
464,Deane,Even,Deane.Even@yopmail.com,Deane.Even@gmail.com,firefighter
465,Dania,Graig,Dania.Graig@yopmail.com,Dania.Graig@gmail.com,worker
466,Gretal,Brackely,Gretal.Brackely@yopmail.com,Gretal.Brackely@gmail.com,developer
467,Madelle,Pandolfi,Madelle.Pandolfi@yopmail.com,Madelle.Pandolfi@gmail.com,police officer
468,Melisent,Hoban,Melisent.Hoban@yopmail.com,Melisent.Hoban@gmail.com,firefighter
469,Clarice,Clara,Clarice.Clara@yopmail.com,Clarice.Clara@gmail.com,police officer
470,Sarette,Anastatius,Sarette.Anastatius@yopmail.com,Sarette.Anastatius@gmail.com,doctor
471,Mady,Armanda,Mady.Armanda@yopmail.com,Mady.Armanda@gmail.com,doctor
472,Maurene,Leary,Maurene.Leary@yopmail.com,Maurene.Leary@gmail.com,developer
473,Cyndie,Martguerita,Cyndie.Martguerita@yopmail.com,Cyndie.Martguerita@gmail.com,worker
474,Dyann,Anyah,Dyann.Anyah@yopmail.com,Dyann.Anyah@gmail.com,developer
475,Pearline,Raama,Pearline.Raama@yopmail.com,Pearline.Raama@gmail.com,doctor
476,Vanessa,Newell,Vanessa.Newell@yopmail.com,Vanessa.Newell@gmail.com,firefighter
477,Nadine,Dermott,Nadine.Dermott@yopmail.com,Nadine.Dermott@gmail.com,doctor
478,Tori,Briney,Tori.Briney@yopmail.com,Tori.Briney@gmail.com,doctor
479,Nikki,Mendez,Nikki.Mendez@yopmail.com,Nikki.Mendez@gmail.com,worker
480,Hayley,Egbert,Hayley.Egbert@yopmail.com,Hayley.Egbert@gmail.com,police officer
481,Hope,Brandice,Hope.Brandice@yopmail.com,Hope.Brandice@gmail.com,police officer
482,Marita,Horan,Marita.Horan@yopmail.com,Marita.Horan@gmail.com,developer
483,Riannon,Leler,Riannon.Leler@yopmail.com,Riannon.Leler@gmail.com,doctor
484,Gilda,Cloris,Gilda.Cloris@yopmail.com,Gilda.Cloris@gmail.com,worker
485,Oona,Dimitris,Oona.Dimitris@yopmail.com,Oona.Dimitris@gmail.com,police officer
486,Penelopa,Rozanna,Penelopa.Rozanna@yopmail.com,Penelopa.Rozanna@gmail.com,firefighter
487,Elvira,Ade,Elvira.Ade@yopmail.com,Elvira.Ade@gmail.com,developer
488,Rochette,Tomasina,Rochette.Tomasina@yopmail.com,Rochette.Tomasina@gmail.com,developer
489,Lanna,Hortensia,Lanna.Hortensia@yopmail.com,Lanna.Hortensia@gmail.com,developer
490,Josephine,Hailee,Josephine.Hailee@yopmail.com,Josephine.Hailee@gmail.com,developer
491,Fanchon,Bergman,Fanchon.Bergman@yopmail.com,Fanchon.Bergman@gmail.com,developer
492,Desirae,Cleavland,Desirae.Cleavland@yopmail.com,Desirae.Cleavland@gmail.com,worker
493,Tarra,Colbert,Tarra.Colbert@yopmail.com,Tarra.Colbert@gmail.com,doctor
494,Betta,Ranjiv,Betta.Ranjiv@yopmail.com,Betta.Ranjiv@gmail.com,police officer
495,Emelina,Alabaster,Emelina.Alabaster@yopmail.com,Emelina.Alabaster@gmail.com,firefighter
496,Danika,Girardo,Danika.Girardo@yopmail.com,Danika.Girardo@gmail.com,police officer
497,Ulrike,Ehrman,Ulrike.Ehrman@yopmail.com,Ulrike.Ehrman@gmail.com,worker
498,Sissy,Amand,Sissy.Amand@yopmail.com,Sissy.Amand@gmail.com,firefighter
499,Helena,Cloris,Helena.Cloris@yopmail.com,Helena.Cloris@gmail.com,worker
500,Maud,Jammal,Maud.Jammal@yopmail.com,Maud.Jammal@gmail.com,doctor
501,Babita,Casimir,Babita.Casimir@yopmail.com,Babita.Casimir@gmail.com,developer
502,Sheree,Roumell,Sheree.Roumell@yopmail.com,Sheree.Roumell@gmail.com,firefighter
503,Cordi,Abernon,Cordi.Abernon@yopmail.com,Cordi.Abernon@gmail.com,developer
504,Nadine,Eachern,Nadine.Eachern@yopmail.com,Nadine.Eachern@gmail.com,police officer
505,Therine,Thar,Therine.Thar@yopmail.com,Therine.Thar@gmail.com,doctor
506,Alyssa,Audly,Alyssa.Audly@yopmail.com,Alyssa.Audly@gmail.com,developer
507,Lanna,Allys,Lanna.Allys@yopmail.com,Lanna.Allys@gmail.com,worker
508,Augustine,Kiersten,Augustine.Kiersten@yopmail.com,Augustine.Kiersten@gmail.com,doctor
509,Brana,Selway,Brana.Selway@yopmail.com,Brana.Selway@gmail.com,developer
510,Sam,Klemperer,Sam.Klemperer@yopmail.com,Sam.Klemperer@gmail.com,firefighter
511,Mallory,Durware,Mallory.Durware@yopmail.com,Mallory.Durware@gmail.com,firefighter
512,Adelle,Braun,Adelle.Braun@yopmail.com,Adelle.Braun@gmail.com,developer
513,Cyndie,Delp,Cyndie.Delp@yopmail.com,Cyndie.Delp@gmail.com,developer
514,Rosabelle,Buttaro,Rosabelle.Buttaro@yopmail.com,Rosabelle.Buttaro@gmail.com,developer
515,Merry,Johnsson,Merry.Johnsson@yopmail.com,Merry.Johnsson@gmail.com,developer
516,Dolli,Clarissa,Dolli.Clarissa@yopmail.com,Dolli.Clarissa@gmail.com,developer
517,Fidelia,Llovera,Fidelia.Llovera@yopmail.com,Fidelia.Llovera@gmail.com,worker
518,Leanna,Natalia,Leanna.Natalia@yopmail.com,Leanna.Natalia@gmail.com,police officer
519,Gianina,Linehan,Gianina.Linehan@yopmail.com,Gianina.Linehan@gmail.com,worker
520,Kellen,Gaspard,Kellen.Gaspard@yopmail.com,Kellen.Gaspard@gmail.com,police officer
521,Evaleen,Izaak,Evaleen.Izaak@yopmail.com,Evaleen.Izaak@gmail.com,developer
522,Celene,Duwalt,Celene.Duwalt@yopmail.com,Celene.Duwalt@gmail.com,police officer
523,Aurelie,Cookie,Aurelie.Cookie@yopmail.com,Aurelie.Cookie@gmail.com,worker
524,Jere,Gibbeon,Jere.Gibbeon@yopmail.com,Jere.Gibbeon@gmail.com,doctor
525,Winny,Clie,Winny.Clie@yopmail.com,Winny.Clie@gmail.com,worker
526,Benita,Harl,Benita.Harl@yopmail.com,Benita.Harl@gmail.com,developer
527,Gwyneth,Evvie,Gwyneth.Evvie@yopmail.com,Gwyneth.Evvie@gmail.com,developer
528,Alyssa,Graig,Alyssa.Graig@yopmail.com,Alyssa.Graig@gmail.com,doctor
529,Kathi,Sawtelle,Kathi.Sawtelle@yopmail.com,Kathi.Sawtelle@gmail.com,firefighter
530,Joy,Tomasina,Joy.Tomasina@yopmail.com,Joy.Tomasina@gmail.com,doctor
531,Jacquetta,Wilona,Jacquetta.Wilona@yopmail.com,Jacquetta.Wilona@gmail.com,doctor
532,Jan,Ammann,Jan.Ammann@yopmail.com,Jan.Ammann@gmail.com,doctor
533,Heddie,Harriman,Heddie.Harriman@yopmail.com,Heddie.Harriman@gmail.com,worker
534,Brietta,Junie,Brietta.Junie@yopmail.com,Brietta.Junie@gmail.com,doctor
535,Priscilla,Therine,Priscilla.Therine@yopmail.com,Priscilla.Therine@gmail.com,firefighter
536,Valli,Ashely,Valli.Ashely@yopmail.com,Valli.Ashely@gmail.com,developer
537,Augustine,Kinnard,Augustine.Kinnard@yopmail.com,Augustine.Kinnard@gmail.com,worker
538,Rivalee,Eldrid,Rivalee.Eldrid@yopmail.com,Rivalee.Eldrid@gmail.com,doctor
539,Clo,Stoller,Clo.Stoller@yopmail.com,Clo.Stoller@gmail.com,firefighter
540,Devina,Clywd,Devina.Clywd@yopmail.com,Devina.Clywd@gmail.com,worker
541,Blinni,Durware,Blinni.Durware@yopmail.com,Blinni.Durware@gmail.com,worker
542,Adriana,Jacqui,Adriana.Jacqui@yopmail.com,Adriana.Jacqui@gmail.com,developer
543,Marnia,Pearse,Marnia.Pearse@yopmail.com,Marnia.Pearse@gmail.com,developer
544,Selma,Schlosser,Selma.Schlosser@yopmail.com,Selma.Schlosser@gmail.com,firefighter
545,Dulce,Clywd,Dulce.Clywd@yopmail.com,Dulce.Clywd@gmail.com,police officer
546,Fredericka,Joachim,Fredericka.Joachim@yopmail.com,Fredericka.Joachim@gmail.com,firefighter
547,Jacquetta,Delila,Jacquetta.Delila@yopmail.com,Jacquetta.Delila@gmail.com,firefighter
548,Jerry,Mendez,Jerry.Mendez@yopmail.com,Jerry.Mendez@gmail.com,doctor
549,Maud,Rad,Maud.Rad@yopmail.com,Maud.Rad@gmail.com,doctor
550,Alameda,Hewitt,Alameda.Hewitt@yopmail.com,Alameda.Hewitt@gmail.com,doctor
551,Hettie,Francyne,Hettie.Francyne@yopmail.com,Hettie.Francyne@gmail.com,police officer
552,Wileen,Magdalen,Wileen.Magdalen@yopmail.com,Wileen.Magdalen@gmail.com,doctor
553,Fayre,Pattin,Fayre.Pattin@yopmail.com,Fayre.Pattin@gmail.com,developer
554,Neila,Therine,Neila.Therine@yopmail.com,Neila.Therine@gmail.com,police officer
555,Mahalia,Selway,Mahalia.Selway@yopmail.com,Mahalia.Selway@gmail.com,worker
556,Elka,Nore,Elka.Nore@yopmail.com,Elka.Nore@gmail.com,developer
557,Lita,Zenas,Lita.Zenas@yopmail.com,Lita.Zenas@gmail.com,firefighter
558,Aurore,Norrie,Aurore.Norrie@yopmail.com,Aurore.Norrie@gmail.com,police officer
559,Mireielle,Annice,Mireielle.Annice@yopmail.com,Mireielle.Annice@gmail.com,police officer
560,Lexine,Evvie,Lexine.Evvie@yopmail.com,Lexine.Evvie@gmail.com,developer
561,Heida,Charmine,Heida.Charmine@yopmail.com,Heida.Charmine@gmail.com,police officer
562,Lauryn,Federica,Lauryn.Federica@yopmail.com,Lauryn.Federica@gmail.com,police officer
563,Deedee,Naor,Deedee.Naor@yopmail.com,Deedee.Naor@gmail.com,worker
564,Glynnis,Miru,Glynnis.Miru@yopmail.com,Glynnis.Miru@gmail.com,police officer
565,Jessy,Nisbet,Jessy.Nisbet@yopmail.com,Jessy.Nisbet@gmail.com,doctor
566,Celisse,Teryn,Celisse.Teryn@yopmail.com,Celisse.Teryn@gmail.com,worker
567,Consuela,Robertson,Consuela.Robertson@yopmail.com,Consuela.Robertson@gmail.com,firefighter
568,Celestyna,Firmin,Celestyna.Firmin@yopmail.com,Celestyna.Firmin@gmail.com,developer
569,Gerrie,Hourigan,Gerrie.Hourigan@yopmail.com,Gerrie.Hourigan@gmail.com,police officer
570,Viviene,Gillan,Viviene.Gillan@yopmail.com,Viviene.Gillan@gmail.com,doctor
571,Sabina,Cloris,Sabina.Cloris@yopmail.com,Sabina.Cloris@gmail.com,police officer
572,Claudina,Niles,Claudina.Niles@yopmail.com,Claudina.Niles@gmail.com,developer
573,Dacia,Barbey,Dacia.Barbey@yopmail.com,Dacia.Barbey@gmail.com,doctor
574,Annora,Daveta,Annora.Daveta@yopmail.com,Annora.Daveta@gmail.com,police officer
575,Sallie,Tyson,Sallie.Tyson@yopmail.com,Sallie.Tyson@gmail.com,police officer
576,Diena,Leonard,Diena.Leonard@yopmail.com,Diena.Leonard@gmail.com,developer
577,Collen,Publia,Collen.Publia@yopmail.com,Collen.Publia@gmail.com,doctor
578,Gabi,Raychel,Gabi.Raychel@yopmail.com,Gabi.Raychel@gmail.com,firefighter
579,Quintina,Ammann,Quintina.Ammann@yopmail.com,Quintina.Ammann@gmail.com,doctor
580,Raquela,Magnolia,Raquela.Magnolia@yopmail.com,Raquela.Magnolia@gmail.com,developer
581,Devina,Janith,Devina.Janith@yopmail.com,Devina.Janith@gmail.com,police officer
582,Dagmar,Vale,Dagmar.Vale@yopmail.com,Dagmar.Vale@gmail.com,developer
583,Zia,Fairweather,Zia.Fairweather@yopmail.com,Zia.Fairweather@gmail.com,doctor
584,Pollyanna,Hunfredo,Pollyanna.Hunfredo@yopmail.com,Pollyanna.Hunfredo@gmail.com,doctor
585,Ulrike,Yorick,Ulrike.Yorick@yopmail.com,Ulrike.Yorick@gmail.com,doctor
586,Jaime,Colp,Jaime.Colp@yopmail.com,Jaime.Colp@gmail.com,worker
587,Dianemarie,Tristram,Dianemarie.Tristram@yopmail.com,Dianemarie.Tristram@gmail.com,firefighter
588,Sindee,Dalli,Sindee.Dalli@yopmail.com,Sindee.Dalli@gmail.com,worker
589,Viki,Parette,Viki.Parette@yopmail.com,Viki.Parette@gmail.com,developer
590,Georgina,Pearse,Georgina.Pearse@yopmail.com,Georgina.Pearse@gmail.com,firefighter
591,Ardenia,Rad,Ardenia.Rad@yopmail.com,Ardenia.Rad@gmail.com,doctor
592,Shauna,Fulmer,Shauna.Fulmer@yopmail.com,Shauna.Fulmer@gmail.com,doctor
593,Katuscha,Wareing,Katuscha.Wareing@yopmail.com,Katuscha.Wareing@gmail.com,firefighter
594,Althea,Amethist,Althea.Amethist@yopmail.com,Althea.Amethist@gmail.com,firefighter
595,Sam,Damarra,Sam.Damarra@yopmail.com,Sam.Damarra@gmail.com,police officer
596,Silvana,Read,Silvana.Read@yopmail.com,Silvana.Read@gmail.com,worker
597,Lita,Prober,Lita.Prober@yopmail.com,Lita.Prober@gmail.com,worker
598,Alameda,An,Alameda.An@yopmail.com,Alameda.An@gmail.com,developer
599,Corene,Alrich,Corene.Alrich@yopmail.com,Corene.Alrich@gmail.com,police officer
600,Bill,Rheingold,Bill.Rheingold@yopmail.com,Bill.Rheingold@gmail.com,developer
601,Morganica,Bow,Morganica.Bow@yopmail.com,Morganica.Bow@gmail.com,doctor
602,Jean,Ventre,Jean.Ventre@yopmail.com,Jean.Ventre@gmail.com,developer
603,Averyl,Fillbert,Averyl.Fillbert@yopmail.com,Averyl.Fillbert@gmail.com,worker
604,Leontine,Eachern,Leontine.Eachern@yopmail.com,Leontine.Eachern@gmail.com,worker
605,Cathyleen,Lia,Cathyleen.Lia@yopmail.com,Cathyleen.Lia@gmail.com,firefighter
606,Jemie,Medrek,Jemie.Medrek@yopmail.com,Jemie.Medrek@gmail.com,doctor
607,Dolli,Irmine,Dolli.Irmine@yopmail.com,Dolli.Irmine@gmail.com,firefighter
608,Ingrid,Mendez,Ingrid.Mendez@yopmail.com,Ingrid.Mendez@gmail.com,worker
609,Gloria,Mitzi,Gloria.Mitzi@yopmail.com,Gloria.Mitzi@gmail.com,firefighter
610,Cissiee,Sharl,Cissiee.Sharl@yopmail.com,Cissiee.Sharl@gmail.com,doctor
611,Zia,Camden,Zia.Camden@yopmail.com,Zia.Camden@gmail.com,police officer
612,Estell,Krystle,Estell.Krystle@yopmail.com,Estell.Krystle@gmail.com,firefighter
613,Dulcinea,Honoria,Dulcinea.Honoria@yopmail.com,Dulcinea.Honoria@gmail.com,developer
614,Lucy,Lamoree,Lucy.Lamoree@yopmail.com,Lucy.Lamoree@gmail.com,doctor
615,Anthia,Harday,Anthia.Harday@yopmail.com,Anthia.Harday@gmail.com,police officer
616,Daune,Frendel,Daune.Frendel@yopmail.com,Daune.Frendel@gmail.com,police officer
617,Roslyn,Tomasina,Roslyn.Tomasina@yopmail.com,Roslyn.Tomasina@gmail.com,doctor
618,Imojean,Madaih,Imojean.Madaih@yopmail.com,Imojean.Madaih@gmail.com,developer
619,Cindelyn,Poppy,Cindelyn.Poppy@yopmail.com,Cindelyn.Poppy@gmail.com,doctor
620,Etta,Bury,Etta.Bury@yopmail.com,Etta.Bury@gmail.com,doctor
621,Fina,Noman,Fina.Noman@yopmail.com,Fina.Noman@gmail.com,developer
622,Verla,Kravits,Verla.Kravits@yopmail.com,Verla.Kravits@gmail.com,police officer
623,Jacenta,Rolf,Jacenta.Rolf@yopmail.com,Jacenta.Rolf@gmail.com,developer
624,Cyndie,Marijo,Cyndie.Marijo@yopmail.com,Cyndie.Marijo@gmail.com,doctor
625,Kelly,Pascia,Kelly.Pascia@yopmail.com,Kelly.Pascia@gmail.com,worker
626,Gabi,Stevy,Gabi.Stevy@yopmail.com,Gabi.Stevy@gmail.com,firefighter
627,Brena,Cecile,Brena.Cecile@yopmail.com,Brena.Cecile@gmail.com,police officer
628,Ketti,Donell,Ketti.Donell@yopmail.com,Ketti.Donell@gmail.com,worker
629,Krystle,Eachern,Krystle.Eachern@yopmail.com,Krystle.Eachern@gmail.com,developer
630,Rosanne,Johanna,Rosanne.Johanna@yopmail.com,Rosanne.Johanna@gmail.com,firefighter
631,Trudie,Damarra,Trudie.Damarra@yopmail.com,Trudie.Damarra@gmail.com,firefighter
632,Jean,Fredi,Jean.Fredi@yopmail.com,Jean.Fredi@gmail.com,worker
633,Marylou,Goddard,Marylou.Goddard@yopmail.com,Marylou.Goddard@gmail.com,doctor
634,Fanchon,Newell,Fanchon.Newell@yopmail.com,Fanchon.Newell@gmail.com,firefighter
635,Glenda,Guthrie,Glenda.Guthrie@yopmail.com,Glenda.Guthrie@gmail.com,worker
636,Basia,Etom,Basia.Etom@yopmail.com,Basia.Etom@gmail.com,firefighter
637,Suzette,Presber,Suzette.Presber@yopmail.com,Suzette.Presber@gmail.com,doctor
638,Claresta,Henebry,Claresta.Henebry@yopmail.com,Claresta.Henebry@gmail.com,worker
639,Merci,Mintz,Merci.Mintz@yopmail.com,Merci.Mintz@gmail.com,worker
640,Rosabelle,Vorster,Rosabelle.Vorster@yopmail.com,Rosabelle.Vorster@gmail.com,police officer
641,Tami,Jacobah,Tami.Jacobah@yopmail.com,Tami.Jacobah@gmail.com,worker
642,Shannah,Nedrud,Shannah.Nedrud@yopmail.com,Shannah.Nedrud@gmail.com,developer
643,Lenna,Donell,Lenna.Donell@yopmail.com,Lenna.Donell@gmail.com,doctor
644,Melodie,An,Melodie.An@yopmail.com,Melodie.An@gmail.com,doctor
645,Elka,Ardra,Elka.Ardra@yopmail.com,Elka.Ardra@gmail.com,worker
646,Perry,Nelsen,Perry.Nelsen@yopmail.com,Perry.Nelsen@gmail.com,police officer
647,Ekaterina,Yusuk,Ekaterina.Yusuk@yopmail.com,Ekaterina.Yusuk@gmail.com,developer
648,Etta,Travax,Etta.Travax@yopmail.com,Etta.Travax@gmail.com,doctor
649,Letizia,Podvin,Letizia.Podvin@yopmail.com,Letizia.Podvin@gmail.com,police officer
650,Petronia,Anis,Petronia.Anis@yopmail.com,Petronia.Anis@gmail.com,developer
651,Jeanna,Grobe,Jeanna.Grobe@yopmail.com,Jeanna.Grobe@gmail.com,developer
652,Tobe,Faro,Tobe.Faro@yopmail.com,Tobe.Faro@gmail.com,police officer
653,Sophia,Friede,Sophia.Friede@yopmail.com,Sophia.Friede@gmail.com,developer
654,Lelah,Nore,Lelah.Nore@yopmail.com,Lelah.Nore@gmail.com,worker
655,Max,Wallis,Max.Wallis@yopmail.com,Max.Wallis@gmail.com,worker
656,Michaelina,Isidore,Michaelina.Isidore@yopmail.com,Michaelina.Isidore@gmail.com,firefighter
657,Kristan,Eldrid,Kristan.Eldrid@yopmail.com,Kristan.Eldrid@gmail.com,worker
658,Dede,Schenck,Dede.Schenck@yopmail.com,Dede.Schenck@gmail.com,police officer
659,Sissy,Ferrell,Sissy.Ferrell@yopmail.com,Sissy.Ferrell@gmail.com,police officer
660,Tybie,Croix,Tybie.Croix@yopmail.com,Tybie.Croix@gmail.com,developer
661,Dulce,Jacinda,Dulce.Jacinda@yopmail.com,Dulce.Jacinda@gmail.com,firefighter
662,Almeta,Suzetta,Almeta.Suzetta@yopmail.com,Almeta.Suzetta@gmail.com,worker
663,Elise,Tamar,Elise.Tamar@yopmail.com,Elise.Tamar@gmail.com,worker
664,Regina,Olympium,Regina.Olympium@yopmail.com,Regina.Olympium@gmail.com,developer
665,Nadine,Knowling,Nadine.Knowling@yopmail.com,Nadine.Knowling@gmail.com,worker
666,Clarice,Adrienne,Clarice.Adrienne@yopmail.com,Clarice.Adrienne@gmail.com,police officer
667,Collen,Obed,Collen.Obed@yopmail.com,Collen.Obed@gmail.com,worker
668,Wilma,Carleen,Wilma.Carleen@yopmail.com,Wilma.Carleen@gmail.com,doctor
669,Helsa,Bouchard,Helsa.Bouchard@yopmail.com,Helsa.Bouchard@gmail.com,worker
670,Tressa,Leffen,Tressa.Leffen@yopmail.com,Tressa.Leffen@gmail.com,developer
671,Alisha,Sabella,Alisha.Sabella@yopmail.com,Alisha.Sabella@gmail.com,worker
672,Adelle,Wilkinson,Adelle.Wilkinson@yopmail.com,Adelle.Wilkinson@gmail.com,police officer
673,Estell,Knowling,Estell.Knowling@yopmail.com,Estell.Knowling@gmail.com,developer
674,Caressa,Himelman,Caressa.Himelman@yopmail.com,Caressa.Himelman@gmail.com,police officer
675,Albertina,Jehu,Albertina.Jehu@yopmail.com,Albertina.Jehu@gmail.com,doctor
676,Libbie,Elvyn,Libbie.Elvyn@yopmail.com,Libbie.Elvyn@gmail.com,police officer
677,Alexine,Fleeta,Alexine.Fleeta@yopmail.com,Alexine.Fleeta@gmail.com,worker
678,Tatiania,Cristi,Tatiania.Cristi@yopmail.com,Tatiania.Cristi@gmail.com,developer
679,Emma,Mehalek,Emma.Mehalek@yopmail.com,Emma.Mehalek@gmail.com,firefighter
680,Madeleine,Fadiman,Madeleine.Fadiman@yopmail.com,Madeleine.Fadiman@gmail.com,firefighter
681,Celestyna,Stelle,Celestyna.Stelle@yopmail.com,Celestyna.Stelle@gmail.com,firefighter
682,Margarette,Maples,Margarette.Maples@yopmail.com,Margarette.Maples@gmail.com,developer
683,Melanie,Richers,Melanie.Richers@yopmail.com,Melanie.Richers@gmail.com,worker
684,Fanny,Bury,Fanny.Bury@yopmail.com,Fanny.Bury@gmail.com,worker
685,Violet,Lynn,Violet.Lynn@yopmail.com,Violet.Lynn@gmail.com,firefighter
686,Shel,Edvard,Shel.Edvard@yopmail.com,Shel.Edvard@gmail.com,worker
687,Arabel,Wolfgram,Arabel.Wolfgram@yopmail.com,Arabel.Wolfgram@gmail.com,firefighter
688,Valera,Bohlin,Valera.Bohlin@yopmail.com,Valera.Bohlin@gmail.com,developer
689,Alejandra,Joli,Alejandra.Joli@yopmail.com,Alejandra.Joli@gmail.com,police officer
690,Lizzie,Rodmann,Lizzie.Rodmann@yopmail.com,Lizzie.Rodmann@gmail.com,firefighter
691,Stephanie,Sadowski,Stephanie.Sadowski@yopmail.com,Stephanie.Sadowski@gmail.com,developer
692,Annice,Rheingold,Annice.Rheingold@yopmail.com,Annice.Rheingold@gmail.com,firefighter
693,Annice,Bakerman,Annice.Bakerman@yopmail.com,Annice.Bakerman@gmail.com,firefighter
694,Elise,Konyn,Elise.Konyn@yopmail.com,Elise.Konyn@gmail.com,firefighter
695,Nollie,Nadia,Nollie.Nadia@yopmail.com,Nollie.Nadia@gmail.com,worker
696,Elora,Drus,Elora.Drus@yopmail.com,Elora.Drus@gmail.com,firefighter
697,Frances,Shirberg,Frances.Shirberg@yopmail.com,Frances.Shirberg@gmail.com,police officer
698,Robbi,Giff,Robbi.Giff@yopmail.com,Robbi.Giff@gmail.com,worker
699,Lory,Fancie,Lory.Fancie@yopmail.com,Lory.Fancie@gmail.com,firefighter
700,Marita,Joli,Marita.Joli@yopmail.com,Marita.Joli@gmail.com,doctor
701,Orelia,Greenwald,Orelia.Greenwald@yopmail.com,Orelia.Greenwald@gmail.com,doctor
702,Trudie,Brieta,Trudie.Brieta@yopmail.com,Trudie.Brieta@gmail.com,firefighter
703,Julieta,Goth,Julieta.Goth@yopmail.com,Julieta.Goth@gmail.com,developer
704,Dawn,Mallon,Dawn.Mallon@yopmail.com,Dawn.Mallon@gmail.com,worker
705,Binny,Noam,Binny.Noam@yopmail.com,Binny.Noam@gmail.com,developer
706,Carilyn,Stanwood,Carilyn.Stanwood@yopmail.com,Carilyn.Stanwood@gmail.com,police officer
707,Ilse,Etom,Ilse.Etom@yopmail.com,Ilse.Etom@gmail.com,firefighter
708,Kirbee,Kirstin,Kirbee.Kirstin@yopmail.com,Kirbee.Kirstin@gmail.com,doctor
709,Loree,Allare,Loree.Allare@yopmail.com,Loree.Allare@gmail.com,firefighter
710,Tobe,Dominy,Tobe.Dominy@yopmail.com,Tobe.Dominy@gmail.com,firefighter
711,Odessa,Cynar,Odessa.Cynar@yopmail.com,Odessa.Cynar@gmail.com,firefighter
712,Allis,Melleta,Allis.Melleta@yopmail.com,Allis.Melleta@gmail.com,developer
713,Robinia,Tamsky,Robinia.Tamsky@yopmail.com,Robinia.Tamsky@gmail.com,worker
714,Tarra,Valerio,Tarra.Valerio@yopmail.com,Tarra.Valerio@gmail.com,police officer
715,Doro,Casimir,Doro.Casimir@yopmail.com,Doro.Casimir@gmail.com,worker
716,Aurelie,Goth,Aurelie.Goth@yopmail.com,Aurelie.Goth@gmail.com,worker
717,Halette,Dorothy,Halette.Dorothy@yopmail.com,Halette.Dorothy@gmail.com,developer
718,Britni,Henrie,Britni.Henrie@yopmail.com,Britni.Henrie@gmail.com,police officer
719,Emylee,Halla,Emylee.Halla@yopmail.com,Emylee.Halla@gmail.com,police officer
720,Cassondra,Ulphia,Cassondra.Ulphia@yopmail.com,Cassondra.Ulphia@gmail.com,worker
721,Dale,Karylin,Dale.Karylin@yopmail.com,Dale.Karylin@gmail.com,doctor
722,Brianna,Armanda,Brianna.Armanda@yopmail.com,Brianna.Armanda@gmail.com,worker
723,Ingrid,Erskine,Ingrid.Erskine@yopmail.com,Ingrid.Erskine@gmail.com,firefighter
724,Janeczka,Myrilla,Janeczka.Myrilla@yopmail.com,Janeczka.Myrilla@gmail.com,doctor
725,Ileana,Center,Ileana.Center@yopmail.com,Ileana.Center@gmail.com,firefighter
726,Alia,Lowry,Alia.Lowry@yopmail.com,Alia.Lowry@gmail.com,firefighter
727,Olivette,Janith,Olivette.Janith@yopmail.com,Olivette.Janith@gmail.com,doctor
728,Vevay,Nahum,Vevay.Nahum@yopmail.com,Vevay.Nahum@gmail.com,firefighter
729,Randa,Raychel,Randa.Raychel@yopmail.com,Randa.Raychel@gmail.com,police officer
730,Carmencita,Lalitta,Carmencita.Lalitta@yopmail.com,Carmencita.Lalitta@gmail.com,developer
731,Ardys,Center,Ardys.Center@yopmail.com,Ardys.Center@gmail.com,developer
732,Madalyn,Rogerio,Madalyn.Rogerio@yopmail.com,Madalyn.Rogerio@gmail.com,worker
733,Karly,Maxi,Karly.Maxi@yopmail.com,Karly.Maxi@gmail.com,worker
734,Millie,Deny,Millie.Deny@yopmail.com,Millie.Deny@gmail.com,doctor
735,Suzette,Smitt,Suzette.Smitt@yopmail.com,Suzette.Smitt@gmail.com,firefighter
736,Laurene,Seumas,Laurene.Seumas@yopmail.com,Laurene.Seumas@gmail.com,doctor
737,Sharlene,Niles,Sharlene.Niles@yopmail.com,Sharlene.Niles@gmail.com,police officer
738,Gale,Radu,Gale.Radu@yopmail.com,Gale.Radu@gmail.com,police officer
739,Fayre,Timon,Fayre.Timon@yopmail.com,Fayre.Timon@gmail.com,doctor
740,Gloria,Jary,Gloria.Jary@yopmail.com,Gloria.Jary@gmail.com,doctor
741,Carmencita,Seessel,Carmencita.Seessel@yopmail.com,Carmencita.Seessel@gmail.com,firefighter
742,Brooks,Schalles,Brooks.Schalles@yopmail.com,Brooks.Schalles@gmail.com,firefighter
743,Darci,Gillan,Darci.Gillan@yopmail.com,Darci.Gillan@gmail.com,worker
744,Livvyy,Crudden,Livvyy.Crudden@yopmail.com,Livvyy.Crudden@gmail.com,developer
745,Neila,Ruvolo,Neila.Ruvolo@yopmail.com,Neila.Ruvolo@gmail.com,worker
746,Jorry,Hedve,Jorry.Hedve@yopmail.com,Jorry.Hedve@gmail.com,firefighter
747,Kamilah,Old,Kamilah.Old@yopmail.com,Kamilah.Old@gmail.com,worker
748,Talya,Adore,Talya.Adore@yopmail.com,Talya.Adore@gmail.com,doctor
749,Katuscha,Fancie,Katuscha.Fancie@yopmail.com,Katuscha.Fancie@gmail.com,police officer
750,Rosabelle,Chesna,Rosabelle.Chesna@yopmail.com,Rosabelle.Chesna@gmail.com,worker
751,Annora,Cavan,Annora.Cavan@yopmail.com,Annora.Cavan@gmail.com,firefighter
752,Jsandye,Cynar,Jsandye.Cynar@yopmail.com,Jsandye.Cynar@gmail.com,developer
753,Dolli,Lauraine,Dolli.Lauraine@yopmail.com,Dolli.Lauraine@gmail.com,developer
754,Barbara,Ioab,Barbara.Ioab@yopmail.com,Barbara.Ioab@gmail.com,firefighter
755,Ottilie,Barrus,Ottilie.Barrus@yopmail.com,Ottilie.Barrus@gmail.com,firefighter
756,Marti,Atonsah,Marti.Atonsah@yopmail.com,Marti.Atonsah@gmail.com,developer
757,Althea,Carmena,Althea.Carmena@yopmail.com,Althea.Carmena@gmail.com,police officer
758,Deloria,Bigner,Deloria.Bigner@yopmail.com,Deloria.Bigner@gmail.com,police officer
759,Doralynne,Flyn,Doralynne.Flyn@yopmail.com,Doralynne.Flyn@gmail.com,firefighter
760,Tani,Kauppi,Tani.Kauppi@yopmail.com,Tani.Kauppi@gmail.com,worker
761,Marjie,Bronk,Marjie.Bronk@yopmail.com,Marjie.Bronk@gmail.com,police officer
762,Nanete,Justinn,Nanete.Justinn@yopmail.com,Nanete.Justinn@gmail.com,developer
763,Brynna,Vale,Brynna.Vale@yopmail.com,Brynna.Vale@gmail.com,police officer
764,Jany,Fosque,Jany.Fosque@yopmail.com,Jany.Fosque@gmail.com,police officer
765,Dominga,Stevy,Dominga.Stevy@yopmail.com,Dominga.Stevy@gmail.com,firefighter
766,Ruthe,Raimondo,Ruthe.Raimondo@yopmail.com,Ruthe.Raimondo@gmail.com,police officer
767,Elmira,Serilda,Elmira.Serilda@yopmail.com,Elmira.Serilda@gmail.com,doctor
768,Winifred,Dreda,Winifred.Dreda@yopmail.com,Winifred.Dreda@gmail.com,firefighter
769,Viki,Carolin,Viki.Carolin@yopmail.com,Viki.Carolin@gmail.com,worker
770,Ardeen,Hoenack,Ardeen.Hoenack@yopmail.com,Ardeen.Hoenack@gmail.com,firefighter
771,Robinia,Shelba,Robinia.Shelba@yopmail.com,Robinia.Shelba@gmail.com,police officer
772,Allis,Rebecka,Allis.Rebecka@yopmail.com,Allis.Rebecka@gmail.com,worker
773,Emmey,Sundin,Emmey.Sundin@yopmail.com,Emmey.Sundin@gmail.com,developer
774,Caryl,Aldric,Caryl.Aldric@yopmail.com,Caryl.Aldric@gmail.com,firefighter
775,Oona,Georgy,Oona.Georgy@yopmail.com,Oona.Georgy@gmail.com,police officer
776,Deane,Saunderson,Deane.Saunderson@yopmail.com,Deane.Saunderson@gmail.com,doctor
777,Lanna,Redmond,Lanna.Redmond@yopmail.com,Lanna.Redmond@gmail.com,firefighter
778,Dotty,Chesna,Dotty.Chesna@yopmail.com,Dotty.Chesna@gmail.com,police officer
779,Anestassia,Yuille,Anestassia.Yuille@yopmail.com,Anestassia.Yuille@gmail.com,doctor
780,Shannah,Brittani,Shannah.Brittani@yopmail.com,Shannah.Brittani@gmail.com,worker
781,Marika,Grimbly,Marika.Grimbly@yopmail.com,Marika.Grimbly@gmail.com,police officer
782,Patricia,Felecia,Patricia.Felecia@yopmail.com,Patricia.Felecia@gmail.com,firefighter
783,Corene,Albertine,Corene.Albertine@yopmail.com,Corene.Albertine@gmail.com,worker
784,Marylou,Devlen,Marylou.Devlen@yopmail.com,Marylou.Devlen@gmail.com,firefighter
785,Marinna,Bergman,Marinna.Bergman@yopmail.com,Marinna.Bergman@gmail.com,police officer
786,Ardeen,Chesna,Ardeen.Chesna@yopmail.com,Ardeen.Chesna@gmail.com,developer
787,Jolyn,Carmena,Jolyn.Carmena@yopmail.com,Jolyn.Carmena@gmail.com,doctor
788,Sissy,Suzetta,Sissy.Suzetta@yopmail.com,Sissy.Suzetta@gmail.com,doctor
789,Maud,Drus,Maud.Drus@yopmail.com,Maud.Drus@gmail.com,police officer
790,Annaliese,Serilda,Annaliese.Serilda@yopmail.com,Annaliese.Serilda@gmail.com,developer
791,Arabel,Presber,Arabel.Presber@yopmail.com,Arabel.Presber@gmail.com,police officer
792,Lacie,Adore,Lacie.Adore@yopmail.com,Lacie.Adore@gmail.com,developer
793,Sibella,Linskey,Sibella.Linskey@yopmail.com,Sibella.Linskey@gmail.com,firefighter
794,Dulcinea,Euridice,Dulcinea.Euridice@yopmail.com,Dulcinea.Euridice@gmail.com,developer
795,Daphne,Kalinda,Daphne.Kalinda@yopmail.com,Daphne.Kalinda@gmail.com,worker
796,Rani,Isacco,Rani.Isacco@yopmail.com,Rani.Isacco@gmail.com,developer
797,Arabel,Casimir,Arabel.Casimir@yopmail.com,Arabel.Casimir@gmail.com,police officer
798,Arabel,Kazimir,Arabel.Kazimir@yopmail.com,Arabel.Kazimir@gmail.com,developer
799,Frank,Kat,Frank.Kat@yopmail.com,Frank.Kat@gmail.com,police officer
800,Ofilia,Forrer,Ofilia.Forrer@yopmail.com,Ofilia.Forrer@gmail.com,police officer
801,Elyssa,Eldrid,Elyssa.Eldrid@yopmail.com,Elyssa.Eldrid@gmail.com,police officer
802,Pollyanna,Pulsifer,Pollyanna.Pulsifer@yopmail.com,Pollyanna.Pulsifer@gmail.com,developer
803,Ardenia,Selway,Ardenia.Selway@yopmail.com,Ardenia.Selway@gmail.com,doctor
804,Ekaterina,Callista,Ekaterina.Callista@yopmail.com,Ekaterina.Callista@gmail.com,worker
805,Maud,Oneida,Maud.Oneida@yopmail.com,Maud.Oneida@gmail.com,doctor
806,Cyb,Schenck,Cyb.Schenck@yopmail.com,Cyb.Schenck@gmail.com,firefighter
807,Winny,Xerxes,Winny.Xerxes@yopmail.com,Winny.Xerxes@gmail.com,firefighter
808,Micheline,Swigart,Micheline.Swigart@yopmail.com,Micheline.Swigart@gmail.com,worker
809,Inga,Madaih,Inga.Madaih@yopmail.com,Inga.Madaih@gmail.com,worker
810,Phylis,Annabella,Phylis.Annabella@yopmail.com,Phylis.Annabella@gmail.com,firefighter
811,Eadie,Mintz,Eadie.Mintz@yopmail.com,Eadie.Mintz@gmail.com,police officer
812,Harrietta,Kress,Harrietta.Kress@yopmail.com,Harrietta.Kress@gmail.com,police officer
813,Georgina,Erb,Georgina.Erb@yopmail.com,Georgina.Erb@gmail.com,worker
814,Sidoney,Gregrory,Sidoney.Gregrory@yopmail.com,Sidoney.Gregrory@gmail.com,police officer
815,Kimmy,Greenwald,Kimmy.Greenwald@yopmail.com,Kimmy.Greenwald@gmail.com,doctor
816,Robinia,Maryanne,Robinia.Maryanne@yopmail.com,Robinia.Maryanne@gmail.com,doctor
817,Lacie,Mata,Lacie.Mata@yopmail.com,Lacie.Mata@gmail.com,worker
818,Gusella,Marlie,Gusella.Marlie@yopmail.com,Gusella.Marlie@gmail.com,firefighter
819,Yetty,Elvyn,Yetty.Elvyn@yopmail.com,Yetty.Elvyn@gmail.com,worker
820,Perry,Huggins,Perry.Huggins@yopmail.com,Perry.Huggins@gmail.com,developer
821,Justinn,Oscar,Justinn.Oscar@yopmail.com,Justinn.Oscar@gmail.com,firefighter
822,Corly,Center,Corly.Center@yopmail.com,Corly.Center@gmail.com,firefighter
823,Wendi,Constancy,Wendi.Constancy@yopmail.com,Wendi.Constancy@gmail.com,firefighter
824,Carol-Jean,Talia,Carol-Jean.Talia@yopmail.com,Carol-Jean.Talia@gmail.com,worker
825,Alie,Seessel,Alie.Seessel@yopmail.com,Alie.Seessel@gmail.com,doctor
826,Danika,Vale,Danika.Vale@yopmail.com,Danika.Vale@gmail.com,developer
827,Concettina,Weide,Concettina.Weide@yopmail.com,Concettina.Weide@gmail.com,doctor
828,Margette,Noam,Margette.Noam@yopmail.com,Margette.Noam@gmail.com,police officer
829,Ilse,Bandeen,Ilse.Bandeen@yopmail.com,Ilse.Bandeen@gmail.com,developer
830,Ardeen,Esmaria,Ardeen.Esmaria@yopmail.com,Ardeen.Esmaria@gmail.com,firefighter
831,Addia,Georgy,Addia.Georgy@yopmail.com,Addia.Georgy@gmail.com,doctor
832,Evita,Lytton,Evita.Lytton@yopmail.com,Evita.Lytton@gmail.com,doctor
833,Dianemarie,Jeanne,Dianemarie.Jeanne@yopmail.com,Dianemarie.Jeanne@gmail.com,worker
834,Malina,Marijo,Malina.Marijo@yopmail.com,Malina.Marijo@gmail.com,developer
835,Merle,Durante,Merle.Durante@yopmail.com,Merle.Durante@gmail.com,firefighter
836,Rosanne,Sparhawk,Rosanne.Sparhawk@yopmail.com,Rosanne.Sparhawk@gmail.com,firefighter
837,Binny,Cottle,Binny.Cottle@yopmail.com,Binny.Cottle@gmail.com,worker
838,Bobinette,Ricki,Bobinette.Ricki@yopmail.com,Bobinette.Ricki@gmail.com,developer
839,Winifred,Mich,Winifred.Mich@yopmail.com,Winifred.Mich@gmail.com,doctor
840,Sarette,Melleta,Sarette.Melleta@yopmail.com,Sarette.Melleta@gmail.com,doctor
841,Cathie,Jobi,Cathie.Jobi@yopmail.com,Cathie.Jobi@gmail.com,worker
842,Courtnay,Medrek,Courtnay.Medrek@yopmail.com,Courtnay.Medrek@gmail.com,firefighter
843,Binny,Torray,Binny.Torray@yopmail.com,Binny.Torray@gmail.com,police officer
844,Keelia,Justinn,Keelia.Justinn@yopmail.com,Keelia.Justinn@gmail.com,developer
845,Rayna,Felizio,Rayna.Felizio@yopmail.com,Rayna.Felizio@gmail.com,worker
846,Candi,Morehouse,Candi.Morehouse@yopmail.com,Candi.Morehouse@gmail.com,doctor
847,Pearline,Zenas,Pearline.Zenas@yopmail.com,Pearline.Zenas@gmail.com,police officer
848,Jacquetta,Simmonds,Jacquetta.Simmonds@yopmail.com,Jacquetta.Simmonds@gmail.com,worker
849,Jean,Pitt,Jean.Pitt@yopmail.com,Jean.Pitt@gmail.com,police officer
850,Halette,Macey,Halette.Macey@yopmail.com,Halette.Macey@gmail.com,worker
851,Sheelagh,Phi,Sheelagh.Phi@yopmail.com,Sheelagh.Phi@gmail.com,worker
852,Cam,Cressida,Cam.Cressida@yopmail.com,Cam.Cressida@gmail.com,developer
853,Ulrike,Podvin,Ulrike.Podvin@yopmail.com,Ulrike.Podvin@gmail.com,firefighter
854,Trixi,Alwin,Trixi.Alwin@yopmail.com,Trixi.Alwin@gmail.com,police officer
855,Nariko,Toffic,Nariko.Toffic@yopmail.com,Nariko.Toffic@gmail.com,worker
856,Mara,Emanuel,Mara.Emanuel@yopmail.com,Mara.Emanuel@gmail.com,worker
857,Michaelina,Sinegold,Michaelina.Sinegold@yopmail.com,Michaelina.Sinegold@gmail.com,worker
858,Darci,Uird,Darci.Uird@yopmail.com,Darci.Uird@gmail.com,developer
859,Celene,Nickola,Celene.Nickola@yopmail.com,Celene.Nickola@gmail.com,firefighter
860,Bee,Gombach,Bee.Gombach@yopmail.com,Bee.Gombach@gmail.com,developer
861,Shirlee,Bibi,Shirlee.Bibi@yopmail.com,Shirlee.Bibi@gmail.com,worker
862,Kial,Norrie,Kial.Norrie@yopmail.com,Kial.Norrie@gmail.com,developer
863,Riannon,Jorgan,Riannon.Jorgan@yopmail.com,Riannon.Jorgan@gmail.com,doctor
864,Binny,Fontana,Binny.Fontana@yopmail.com,Binny.Fontana@gmail.com,worker
865,Sybille,Sisile,Sybille.Sisile@yopmail.com,Sybille.Sisile@gmail.com,doctor
866,Madalyn,Zuzana,Madalyn.Zuzana@yopmail.com,Madalyn.Zuzana@gmail.com,developer
867,Oralee,Zachary,Oralee.Zachary@yopmail.com,Oralee.Zachary@gmail.com,developer
868,Jolyn,Lorain,Jolyn.Lorain@yopmail.com,Jolyn.Lorain@gmail.com,firefighter
869,Tiffie,Dulciana,Tiffie.Dulciana@yopmail.com,Tiffie.Dulciana@gmail.com,doctor
870,Ulrike,Cassius,Ulrike.Cassius@yopmail.com,Ulrike.Cassius@gmail.com,doctor
871,Kristina,Wittie,Kristina.Wittie@yopmail.com,Kristina.Wittie@gmail.com,doctor
872,Roseline,Firmin,Roseline.Firmin@yopmail.com,Roseline.Firmin@gmail.com,worker
873,Glenda,Lytton,Glenda.Lytton@yopmail.com,Glenda.Lytton@gmail.com,worker
874,Bibby,Jeanne,Bibby.Jeanne@yopmail.com,Bibby.Jeanne@gmail.com,firefighter
875,Jacenta,Mullane,Jacenta.Mullane@yopmail.com,Jacenta.Mullane@gmail.com,developer
876,Marcy,Avi,Marcy.Avi@yopmail.com,Marcy.Avi@gmail.com,police officer
877,Alexine,Han,Alexine.Han@yopmail.com,Alexine.Han@gmail.com,doctor
878,Violet,August,Violet.August@yopmail.com,Violet.August@gmail.com,worker
879,Aurelie,Mayeda,Aurelie.Mayeda@yopmail.com,Aurelie.Mayeda@gmail.com,worker
880,Robinia,Morrill,Robinia.Morrill@yopmail.com,Robinia.Morrill@gmail.com,worker
881,Donetta,Kenney,Donetta.Kenney@yopmail.com,Donetta.Kenney@gmail.com,firefighter
882,Dolli,Morehouse,Dolli.Morehouse@yopmail.com,Dolli.Morehouse@gmail.com,doctor
883,Joy,Lubin,Joy.Lubin@yopmail.com,Joy.Lubin@gmail.com,developer
884,Betta,Weinreb,Betta.Weinreb@yopmail.com,Betta.Weinreb@gmail.com,worker
885,Roxane,Burkle,Roxane.Burkle@yopmail.com,Roxane.Burkle@gmail.com,police officer
886,Olwen,Magnolia,Olwen.Magnolia@yopmail.com,Olwen.Magnolia@gmail.com,doctor
887,Monika,Podvin,Monika.Podvin@yopmail.com,Monika.Podvin@gmail.com,developer
888,Micheline,Stover,Micheline.Stover@yopmail.com,Micheline.Stover@gmail.com,worker
889,Lenna,Melleta,Lenna.Melleta@yopmail.com,Lenna.Melleta@gmail.com,firefighter
890,Rayna,Parsaye,Rayna.Parsaye@yopmail.com,Rayna.Parsaye@gmail.com,developer
891,Amalie,Sidonius,Amalie.Sidonius@yopmail.com,Amalie.Sidonius@gmail.com,developer
892,Lonnie,Jerold,Lonnie.Jerold@yopmail.com,Lonnie.Jerold@gmail.com,doctor
893,Pamella,Atcliffe,Pamella.Atcliffe@yopmail.com,Pamella.Atcliffe@gmail.com,police officer
894,Sarette,Miru,Sarette.Miru@yopmail.com,Sarette.Miru@gmail.com,developer
895,Hope,Ranjiv,Hope.Ranjiv@yopmail.com,Hope.Ranjiv@gmail.com,developer
896,Silvana,Truc,Silvana.Truc@yopmail.com,Silvana.Truc@gmail.com,worker
897,Julieta,Janith,Julieta.Janith@yopmail.com,Julieta.Janith@gmail.com,worker
898,Jany,Ranjiv,Jany.Ranjiv@yopmail.com,Jany.Ranjiv@gmail.com,doctor
899,Diena,Thar,Diena.Thar@yopmail.com,Diena.Thar@gmail.com,police officer
900,Christy,Rossner,Christy.Rossner@yopmail.com,Christy.Rossner@gmail.com,police officer
901,Sara-Ann,Burkle,Sara-Ann.Burkle@yopmail.com,Sara-Ann.Burkle@gmail.com,firefighter
902,Emmey,Saunderson,Emmey.Saunderson@yopmail.com,Emmey.Saunderson@gmail.com,doctor
903,Addia,Chesna,Addia.Chesna@yopmail.com,Addia.Chesna@gmail.com,firefighter
904,Monika,Noman,Monika.Noman@yopmail.com,Monika.Noman@gmail.com,firefighter
905,Beverley,Melan,Beverley.Melan@yopmail.com,Beverley.Melan@gmail.com,developer
906,Dari,Swigart,Dari.Swigart@yopmail.com,Dari.Swigart@gmail.com,developer
907,Kylynn,Hermes,Kylynn.Hermes@yopmail.com,Kylynn.Hermes@gmail.com,firefighter
908,Vivia,Sherfield,Vivia.Sherfield@yopmail.com,Vivia.Sherfield@gmail.com,police officer
909,Susan,Fiester,Susan.Fiester@yopmail.com,Susan.Fiester@gmail.com,developer
910,Caritta,Chinua,Caritta.Chinua@yopmail.com,Caritta.Chinua@gmail.com,worker
911,Sheree,Brodench,Sheree.Brodench@yopmail.com,Sheree.Brodench@gmail.com,worker
912,Clementine,Kravits,Clementine.Kravits@yopmail.com,Clementine.Kravits@gmail.com,police officer
913,Dode,Darian,Dode.Darian@yopmail.com,Dode.Darian@gmail.com,firefighter
914,Sean,Edvard,Sean.Edvard@yopmail.com,Sean.Edvard@gmail.com,worker
915,Kimmy,Zuzana,Kimmy.Zuzana@yopmail.com,Kimmy.Zuzana@gmail.com,doctor
916,Kathy,Whiffen,Kathy.Whiffen@yopmail.com,Kathy.Whiffen@gmail.com,firefighter
917,Veda,Tannie,Veda.Tannie@yopmail.com,Veda.Tannie@gmail.com,police officer
918,Deane,Kalinda,Deane.Kalinda@yopmail.com,Deane.Kalinda@gmail.com,firefighter
919,Jacquetta,Armanda,Jacquetta.Armanda@yopmail.com,Jacquetta.Armanda@gmail.com,worker
920,Cyndie,Bryna,Cyndie.Bryna@yopmail.com,Cyndie.Bryna@gmail.com,developer
921,Romona,Pyle,Romona.Pyle@yopmail.com,Romona.Pyle@gmail.com,police officer
922,Jsandye,Jacinda,Jsandye.Jacinda@yopmail.com,Jsandye.Jacinda@gmail.com,police officer
923,Brana,Clara,Brana.Clara@yopmail.com,Brana.Clara@gmail.com,firefighter
924,Kathy,Norvol,Kathy.Norvol@yopmail.com,Kathy.Norvol@gmail.com,firefighter
925,Margarette,Nerita,Margarette.Nerita@yopmail.com,Margarette.Nerita@gmail.com,developer
926,Amara,Hathaway,Amara.Hathaway@yopmail.com,Amara.Hathaway@gmail.com,doctor
927,Grier,Cavan,Grier.Cavan@yopmail.com,Grier.Cavan@gmail.com,developer
928,Aubrie,Kiyoshi,Aubrie.Kiyoshi@yopmail.com,Aubrie.Kiyoshi@gmail.com,doctor
929,Lindie,Vivle,Lindie.Vivle@yopmail.com,Lindie.Vivle@gmail.com,developer
930,Carly,Pauly,Carly.Pauly@yopmail.com,Carly.Pauly@gmail.com,firefighter
931,Tressa,Yusuk,Tressa.Yusuk@yopmail.com,Tressa.Yusuk@gmail.com,developer
932,Dania,Uird,Dania.Uird@yopmail.com,Dania.Uird@gmail.com,police officer
933,Maurene,Cherianne,Maurene.Cherianne@yopmail.com,Maurene.Cherianne@gmail.com,doctor
934,Ethel,Rhu,Ethel.Rhu@yopmail.com,Ethel.Rhu@gmail.com,police officer
935,Violet,Cristi,Violet.Cristi@yopmail.com,Violet.Cristi@gmail.com,police officer
936,Caressa,Woodberry,Caressa.Woodberry@yopmail.com,Caressa.Woodberry@gmail.com,police officer
937,Lila,Loeb,Lila.Loeb@yopmail.com,Lila.Loeb@gmail.com,worker
938,Ariela,Imelida,Ariela.Imelida@yopmail.com,Ariela.Imelida@gmail.com,firefighter
939,Betta,Halsey,Betta.Halsey@yopmail.com,Betta.Halsey@gmail.com,doctor
940,Perry,Sigfrid,Perry.Sigfrid@yopmail.com,Perry.Sigfrid@gmail.com,police officer
941,Gilda,Crudden,Gilda.Crudden@yopmail.com,Gilda.Crudden@gmail.com,worker
942,Hannis,Fairweather,Hannis.Fairweather@yopmail.com,Hannis.Fairweather@gmail.com,firefighter
943,Emylee,Garlinda,Emylee.Garlinda@yopmail.com,Emylee.Garlinda@gmail.com,firefighter
944,Jacenta,Garbe,Jacenta.Garbe@yopmail.com,Jacenta.Garbe@gmail.com,worker
945,Rhea,Lalitta,Rhea.Lalitta@yopmail.com,Rhea.Lalitta@gmail.com,developer
946,Jere,Faso,Jere.Faso@yopmail.com,Jere.Faso@gmail.com,firefighter
947,Rhea,Burch,Rhea.Burch@yopmail.com,Rhea.Burch@gmail.com,firefighter
948,Shaine,Taam,Shaine.Taam@yopmail.com,Shaine.Taam@gmail.com,firefighter
949,Joelly,Johanna,Joelly.Johanna@yopmail.com,Joelly.Johanna@gmail.com,doctor
950,Alisha,Hurley,Alisha.Hurley@yopmail.com,Alisha.Hurley@gmail.com,worker
951,Wilma,Diogenes,Wilma.Diogenes@yopmail.com,Wilma.Diogenes@gmail.com,developer
952,Wanda,Garlinda,Wanda.Garlinda@yopmail.com,Wanda.Garlinda@gmail.com,worker
953,Mathilda,Catie,Mathilda.Catie@yopmail.com,Mathilda.Catie@gmail.com,doctor
954,Helena,Mathilde,Helena.Mathilde@yopmail.com,Helena.Mathilde@gmail.com,police officer
955,Ofilia,Markman,Ofilia.Markman@yopmail.com,Ofilia.Markman@gmail.com,doctor
956,Stacey,Sacken,Stacey.Sacken@yopmail.com,Stacey.Sacken@gmail.com,developer
957,Nataline,Stover,Nataline.Stover@yopmail.com,Nataline.Stover@gmail.com,developer
958,Esmeralda,Durware,Esmeralda.Durware@yopmail.com,Esmeralda.Durware@gmail.com,doctor
959,Lila,Cressida,Lila.Cressida@yopmail.com,Lila.Cressida@gmail.com,police officer
960,Ivett,Mozelle,Ivett.Mozelle@yopmail.com,Ivett.Mozelle@gmail.com,firefighter
961,Delilah,Guthrie,Delilah.Guthrie@yopmail.com,Delilah.Guthrie@gmail.com,police officer
962,Sophia,Ajay,Sophia.Ajay@yopmail.com,Sophia.Ajay@gmail.com,firefighter
963,Leontine,Isidore,Leontine.Isidore@yopmail.com,Leontine.Isidore@gmail.com,worker
964,Agathe,Tremayne,Agathe.Tremayne@yopmail.com,Agathe.Tremayne@gmail.com,developer
965,Tori,Scammon,Tori.Scammon@yopmail.com,Tori.Scammon@gmail.com,police officer
966,Christian,Anton,Christian.Anton@yopmail.com,Christian.Anton@gmail.com,developer
967,Claudina,Hylan,Claudina.Hylan@yopmail.com,Claudina.Hylan@gmail.com,police officer
968,Lindie,Sprage,Lindie.Sprage@yopmail.com,Lindie.Sprage@gmail.com,worker
969,Molli,Madox,Molli.Madox@yopmail.com,Molli.Madox@gmail.com,worker
970,Hettie,Bow,Hettie.Bow@yopmail.com,Hettie.Bow@gmail.com,doctor
971,Lila,Regan,Lila.Regan@yopmail.com,Lila.Regan@gmail.com,police officer
972,Tani,Kelula,Tani.Kelula@yopmail.com,Tani.Kelula@gmail.com,police officer
973,Sharai,Odysseus,Sharai.Odysseus@yopmail.com,Sharai.Odysseus@gmail.com,developer
974,Dulce,Thornburg,Dulce.Thornburg@yopmail.com,Dulce.Thornburg@gmail.com,worker
975,Nerta,Rurik,Nerta.Rurik@yopmail.com,Nerta.Rurik@gmail.com,doctor
976,Tobe,Ferrell,Tobe.Ferrell@yopmail.com,Tobe.Ferrell@gmail.com,doctor
977,Ekaterina,Franza,Ekaterina.Franza@yopmail.com,Ekaterina.Franza@gmail.com,developer
978,Vinita,Evangelia,Vinita.Evangelia@yopmail.com,Vinita.Evangelia@gmail.com,firefighter
979,Beatriz,Beniamino,Beatriz.Beniamino@yopmail.com,Beatriz.Beniamino@gmail.com,firefighter
980,Desirae,Herrera,Desirae.Herrera@yopmail.com,Desirae.Herrera@gmail.com,firefighter
981,Vivia,Mitzi,Vivia.Mitzi@yopmail.com,Vivia.Mitzi@gmail.com,worker
982,Carree,Carey,Carree.Carey@yopmail.com,Carree.Carey@gmail.com,doctor
983,Laure,Nadia,Laure.Nadia@yopmail.com,Laure.Nadia@gmail.com,worker
984,Jenilee,Truc,Jenilee.Truc@yopmail.com,Jenilee.Truc@gmail.com,worker
985,Amara,Toni,Amara.Toni@yopmail.com,Amara.Toni@gmail.com,police officer
986,Zia,Sheng,Zia.Sheng@yopmail.com,Zia.Sheng@gmail.com,police officer
987,Shandie,Keily,Shandie.Keily@yopmail.com,Shandie.Keily@gmail.com,developer
988,Audrie,Winthorpe,Audrie.Winthorpe@yopmail.com,Audrie.Winthorpe@gmail.com,developer
989,Feliza,Esmaria,Feliza.Esmaria@yopmail.com,Feliza.Esmaria@gmail.com,worker
990,Melodie,Chick,Melodie.Chick@yopmail.com,Melodie.Chick@gmail.com,police officer
991,Catharine,Uird,Catharine.Uird@yopmail.com,Catharine.Uird@gmail.com,firefighter
992,Alyda,Meli,Alyda.Meli@yopmail.com,Alyda.Meli@gmail.com,police officer
993,Olivette,Hilbert,Olivette.Hilbert@yopmail.com,Olivette.Hilbert@gmail.com,doctor
994,Maye,Lilas,Maye.Lilas@yopmail.com,Maye.Lilas@gmail.com,firefighter
995,Sashenka,Dash,Sashenka.Dash@yopmail.com,Sashenka.Dash@gmail.com,developer
996,Demetris,Sherrie,Demetris.Sherrie@yopmail.com,Demetris.Sherrie@gmail.com,police officer
997,Melina,Gunn,Melina.Gunn@yopmail.com,Melina.Gunn@gmail.com,worker
998,Lusa,Tillford,Lusa.Tillford@yopmail.com,Lusa.Tillford@gmail.com,worker
999,Kirbee,Travax,Kirbee.Travax@yopmail.com,Kirbee.Travax@gmail.com,firefighter
1000,Vonny,Lia,Vonny.Lia@yopmail.com,Vonny.Lia@gmail.com,worker
1001,Myriam,Durante,Myriam.Durante@yopmail.com,Myriam.Durante@gmail.com,worker
1002,Kaja,Dannye,Kaja.Dannye@yopmail.com,Kaja.Dannye@gmail.com,developer
1003,Karlee,Travax,Karlee.Travax@yopmail.com,Karlee.Travax@gmail.com,firefighter
1004,Nelle,Lytton,Nelle.Lytton@yopmail.com,Nelle.Lytton@gmail.com,doctor
1005,Christal,Felecia,Christal.Felecia@yopmail.com,Christal.Felecia@gmail.com,firefighter
1006,Raina,Frodi,Raina.Frodi@yopmail.com,Raina.Frodi@gmail.com,worker
1007,Silvana,Garbe,Silvana.Garbe@yopmail.com,Silvana.Garbe@gmail.com,police officer
1008,Tami,Deny,Tami.Deny@yopmail.com,Tami.Deny@gmail.com,police officer
1009,Rosanne,Norvol,Rosanne.Norvol@yopmail.com,Rosanne.Norvol@gmail.com,firefighter
1010,Queenie,Susannah,Queenie.Susannah@yopmail.com,Queenie.Susannah@gmail.com,developer
1011,Augustine,Wilona,Augustine.Wilona@yopmail.com,Augustine.Wilona@gmail.com,police officer
1012,Cindelyn,Ruvolo,Cindelyn.Ruvolo@yopmail.com,Cindelyn.Ruvolo@gmail.com,worker
1013,Vere,Goldina,Vere.Goldina@yopmail.com,Vere.Goldina@gmail.com,doctor
1014,Sonni,Levey,Sonni.Levey@yopmail.com,Sonni.Levey@gmail.com,firefighter
1015,Orelia,Remmer,Orelia.Remmer@yopmail.com,Orelia.Remmer@gmail.com,doctor
1016,Jessamyn,Ummersen,Jessamyn.Ummersen@yopmail.com,Jessamyn.Ummersen@gmail.com,developer
1017,Norine,Fredi,Norine.Fredi@yopmail.com,Norine.Fredi@gmail.com,developer
1018,Carree,Timon,Carree.Timon@yopmail.com,Carree.Timon@gmail.com,developer
1019,Dede,Rad,Dede.Rad@yopmail.com,Dede.Rad@gmail.com,police officer
1020,Gui,Carleen,Gui.Carleen@yopmail.com,Gui.Carleen@gmail.com,worker
1021,Benita,Imelida,Benita.Imelida@yopmail.com,Benita.Imelida@gmail.com,doctor
1022,Gwenneth,Infield,Gwenneth.Infield@yopmail.com,Gwenneth.Infield@gmail.com,doctor
1023,Leona,Talia,Leona.Talia@yopmail.com,Leona.Talia@gmail.com,worker
1024,Agnese,Lauraine,Agnese.Lauraine@yopmail.com,Agnese.Lauraine@gmail.com,doctor
1025,Brianna,Rurik,Brianna.Rurik@yopmail.com,Brianna.Rurik@gmail.com,doctor
1026,Hollie,Peonir,Hollie.Peonir@yopmail.com,Hollie.Peonir@gmail.com,worker
1027,Ashlee,Oneida,Ashlee.Oneida@yopmail.com,Ashlee.Oneida@gmail.com,police officer
1028,Leeanne,Sammons,Leeanne.Sammons@yopmail.com,Leeanne.Sammons@gmail.com,worker
1029,Louella,Carolin,Louella.Carolin@yopmail.com,Louella.Carolin@gmail.com,developer
1030,Oralee,Merell,Oralee.Merell@yopmail.com,Oralee.Merell@gmail.com,firefighter
1031,Shaylyn,Schwejda,Shaylyn.Schwejda@yopmail.com,Shaylyn.Schwejda@gmail.com,doctor
1032,Janenna,Robertson,Janenna.Robertson@yopmail.com,Janenna.Robertson@gmail.com,worker
1033,Jsandye,Raffo,Jsandye.Raffo@yopmail.com,Jsandye.Raffo@gmail.com,worker
1034,Pierette,Malvino,Pierette.Malvino@yopmail.com,Pierette.Malvino@gmail.com,worker
1035,Carlie,Blake,Carlie.Blake@yopmail.com,Carlie.Blake@gmail.com,developer
1036,Nickie,Hartnett,Nickie.Hartnett@yopmail.com,Nickie.Hartnett@gmail.com,doctor
1037,Alameda,Faso,Alameda.Faso@yopmail.com,Alameda.Faso@gmail.com,worker
1038,Lita,Hourigan,Lita.Hourigan@yopmail.com,Lita.Hourigan@gmail.com,worker
1039,Catharine,Remmer,Catharine.Remmer@yopmail.com,Catharine.Remmer@gmail.com,police officer
1040,Alex,Travax,Alex.Travax@yopmail.com,Alex.Travax@gmail.com,worker
1041,Livvyy,Orpah,Livvyy.Orpah@yopmail.com,Livvyy.Orpah@gmail.com,doctor
1042,Winny,Millda,Winny.Millda@yopmail.com,Winny.Millda@gmail.com,police officer
1043,Orelia,Travax,Orelia.Travax@yopmail.com,Orelia.Travax@gmail.com,developer
1044,Tomasina,Nester,Tomasina.Nester@yopmail.com,Tomasina.Nester@gmail.com,worker
1045,Robbi,Toor,Robbi.Toor@yopmail.com,Robbi.Toor@gmail.com,worker
1046,Alleen,Felizio,Alleen.Felizio@yopmail.com,Alleen.Felizio@gmail.com,police officer
1047,Kial,Rillings,Kial.Rillings@yopmail.com,Kial.Rillings@gmail.com,firefighter
1048,Sonni,Abram,Sonni.Abram@yopmail.com,Sonni.Abram@gmail.com,worker
1049,Ardenia,Cherianne,Ardenia.Cherianne@yopmail.com,Ardenia.Cherianne@gmail.com,doctor
1050,Cherrita,Clarissa,Cherrita.Clarissa@yopmail.com,Cherrita.Clarissa@gmail.com,worker
1051,Valeda,Monaco,Valeda.Monaco@yopmail.com,Valeda.Monaco@gmail.com,firefighter
1052,Frieda,Mendez,Frieda.Mendez@yopmail.com,Frieda.Mendez@gmail.com,firefighter
1053,Odessa,Borrell,Odessa.Borrell@yopmail.com,Odessa.Borrell@gmail.com,firefighter
1054,Dede,Nea,Dede.Nea@yopmail.com,Dede.Nea@gmail.com,police officer
1055,Joeann,Emerson,Joeann.Emerson@yopmail.com,Joeann.Emerson@gmail.com,doctor
1056,Teriann,Holtz,Teriann.Holtz@yopmail.com,Teriann.Holtz@gmail.com,firefighter
1057,Max,Vorster,Max.Vorster@yopmail.com,Max.Vorster@gmail.com,worker
1058,Ardenia,Ortrude,Ardenia.Ortrude@yopmail.com,Ardenia.Ortrude@gmail.com,police officer
1059,Jinny,McAdams,Jinny.McAdams@yopmail.com,Jinny.McAdams@gmail.com,worker
1060,Shirlee,Wildermuth,Shirlee.Wildermuth@yopmail.com,Shirlee.Wildermuth@gmail.com,developer
1061,Gavrielle,Kalinda,Gavrielle.Kalinda@yopmail.com,Gavrielle.Kalinda@gmail.com,police officer
1062,Claudina,Sinegold,Claudina.Sinegold@yopmail.com,Claudina.Sinegold@gmail.com,worker
1063,Ada,Sisile,Ada.Sisile@yopmail.com,Ada.Sisile@gmail.com,doctor
1064,Rivalee,Croix,Rivalee.Croix@yopmail.com,Rivalee.Croix@gmail.com,police officer
1065,Lizzie,Tybald,Lizzie.Tybald@yopmail.com,Lizzie.Tybald@gmail.com,police officer
1066,Berget,Cath,Berget.Cath@yopmail.com,Berget.Cath@gmail.com,developer
1067,Evaleen,Haerr,Evaleen.Haerr@yopmail.com,Evaleen.Haerr@gmail.com,worker
1068,Kristan,Blisse,Kristan.Blisse@yopmail.com,Kristan.Blisse@gmail.com,developer
1069,Patricia,Vorster,Patricia.Vorster@yopmail.com,Patricia.Vorster@gmail.com,police officer
1070,Estell,Freddi,Estell.Freddi@yopmail.com,Estell.Freddi@gmail.com,police officer
1071,Barbara,Toor,Barbara.Toor@yopmail.com,Barbara.Toor@gmail.com,worker
1072,Raina,Armanda,Raina.Armanda@yopmail.com,Raina.Armanda@gmail.com,police officer
1073,Devina,Nisbet,Devina.Nisbet@yopmail.com,Devina.Nisbet@gmail.com,worker
1074,Kenna,Rad,Kenna.Rad@yopmail.com,Kenna.Rad@gmail.com,police officer
1075,Candy,Margarete,Candy.Margarete@yopmail.com,Candy.Margarete@gmail.com,firefighter
1076,Rochette,Calhoun,Rochette.Calhoun@yopmail.com,Rochette.Calhoun@gmail.com,worker
1077,Amelia,Bach,Amelia.Bach@yopmail.com,Amelia.Bach@gmail.com,police officer
1078,Joeann,Serilda,Joeann.Serilda@yopmail.com,Joeann.Serilda@gmail.com,worker
1079,Natka,Anyah,Natka.Anyah@yopmail.com,Natka.Anyah@gmail.com,police officer
1080,Dorothy,Beebe,Dorothy.Beebe@yopmail.com,Dorothy.Beebe@gmail.com,police officer
1081,Aurore,Harday,Aurore.Harday@yopmail.com,Aurore.Harday@gmail.com,developer
1082,Lily,Thornburg,Lily.Thornburg@yopmail.com,Lily.Thornburg@gmail.com,firefighter
1083,Randa,Chem,Randa.Chem@yopmail.com,Randa.Chem@gmail.com,police officer
1084,Karlee,Ummersen,Karlee.Ummersen@yopmail.com,Karlee.Ummersen@gmail.com,police officer
1085,Fred,Torray,Fred.Torray@yopmail.com,Fred.Torray@gmail.com,firefighter
1086,Patricia,Rozanna,Patricia.Rozanna@yopmail.com,Patricia.Rozanna@gmail.com,firefighter
1087,Cyb,Kussell,Cyb.Kussell@yopmail.com,Cyb.Kussell@gmail.com,police officer
1088,Layla,Elo,Layla.Elo@yopmail.com,Layla.Elo@gmail.com,developer
1089,Sheree,Cath,Sheree.Cath@yopmail.com,Sheree.Cath@gmail.com,worker
1090,Claudina,Rodmann,Claudina.Rodmann@yopmail.com,Claudina.Rodmann@gmail.com,worker
1091,Adele,Thomasina,Adele.Thomasina@yopmail.com,Adele.Thomasina@gmail.com,worker
1092,Evaleen,Durware,Evaleen.Durware@yopmail.com,Evaleen.Durware@gmail.com,firefighter
1093,Myrtice,Oscar,Myrtice.Oscar@yopmail.com,Myrtice.Oscar@gmail.com,police officer
1094,Carilyn,Lanita,Carilyn.Lanita@yopmail.com,Carilyn.Lanita@gmail.com,police officer
1095,Carree,Roxanna,Carree.Roxanna@yopmail.com,Carree.Roxanna@gmail.com,police officer
1096,Zaria,Rossner,Zaria.Rossner@yopmail.com,Zaria.Rossner@gmail.com,police officer
1097,Julieta,Merna,Julieta.Merna@yopmail.com,Julieta.Merna@gmail.com,police officer
1098,Kial,Medrek,Kial.Medrek@yopmail.com,Kial.Medrek@gmail.com,police officer
1099,Tressa,Wallis,Tressa.Wallis@yopmail.com,Tressa.Wallis@gmail.com,police officer